policy_id,risk_score
POL-015001,0.20372676647725527
POL-015002,0.21217659799992353
POL-015003,0.1533946808013599
POL-015004,0.14989631984775365
POL-015005,0.17860912774150134
POL-015006,0.13861305911615038
POL-015007,0.15717342355214667
POL-015008,0.13368184341895784
POL-015009,0.1412845481966161
POL-015010,0.07318887316294219
POL-015011,0.33559675172192144
POL-015012,0.17300736711955506
POL-015013,0.18741863364246492
POL-015014,0.1417832095752858
POL-015015,0.2170678360030219
POL-015016,0.1824617903264627
POL-015017,0.1407435693057173
POL-015018,0.12673778357921664
POL-015019,0.13589570560786607
POL-015020,0.17352967409955983
POL-015021,0.19682604949379673
POL-015022,0.15653821963022535
POL-015023,0.2510291508777214
POL-015024,0.3061642374217957
POL-015025,0.12054321276784631
POL-015026,0.060083106170682646
POL-015027,0.15765817765249224
POL-015028,0.09962726002984651
POL-015029,0.12369716937157123
POL-015030,0.0795535772597349
POL-015031,0.18214294475964513
POL-015032,0.1291937654997292
POL-015033,0.2365456850517347
POL-015034,0.11266015093527608
POL-015035,0.16734159082959793
POL-015036,0.05419606450814559
POL-015037,0.12983467406752272
POL-015038,0.1579727021898266
POL-015039,0.11405847899591771
POL-015040,0.11140225595675565
POL-015041,0.08275859092469343
POL-015042,0.15286222425831042
POL-015043,0.07080451001986011
POL-015044,0.077443961311223
POL-015045,0.08383114152027304
POL-015046,0.11866131949645588
POL-015047,0.1421929449577376
POL-015048,0.08288116330915071
POL-015049,0.12764144734802013
POL-015050,0.14825472483999605
POL-015051,0.20624604968576035
POL-015052,0.1659683666045234
POL-015053,0.07902188076232455
POL-015054,0.21728318873240643
POL-015055,0.11074261139012945
POL-015056,0.1690170286330093
POL-015057,0.20560967622972764
POL-015058,0.12929537713549713
POL-015059,0.08333191909478714
POL-015060,0.1484123879961423
POL-015061,0.150812392793722
POL-015062,0.1635346749217208
POL-015063,0.1652999676691386
POL-015064,0.126336559686045
POL-015065,0.26294021952048097
POL-015066,0.11537671421253165
POL-015067,0.081551794377334
POL-015068,0.17964605189198682
POL-015069,0.18101609344066433
POL-015070,0.08088646826057819
POL-015071,0.05444720192222072
POL-015072,0.14730361474280387
POL-015073,0.18525734564640597
POL-015074,0.24916181145084978
POL-015075,0.10505100281137422
POL-015076,0.19744646212429806
POL-015077,0.1561718586508159
POL-015078,0.1344357279737518
POL-015079,0.07884126442916536
POL-015080,0.1447645754866061
POL-015081,0.35419703294141175
POL-015082,0.1280938616618213
POL-015083,0.10899212078555384
POL-015084,0.14196498305579122
POL-015085,0.22565122902677087
POL-015086,0.1186048183317149
POL-015087,0.17556784644190285
POL-015088,0.07852299330426851
POL-015089,0.1593498464320372
POL-015090,0.32763889200135404
POL-015091,0.2047239296370498
POL-015092,0.27427953819903184
POL-015093,0.10746143793732421
POL-015094,0.1832715089299313
POL-015095,0.2986976579173713
POL-015096,0.09713485962903792
POL-015097,0.15132047930076462
POL-015098,0.17381539503206717
POL-015099,0.09209423368240971
POL-015100,0.1657501514773632
POL-015101,0.12798074913489385
POL-015102,0.20421286820490328
POL-015103,0.09164073234166537
POL-015104,0.24063432452885516
POL-015105,0.09962283741553232
POL-015106,0.1820308157283338
POL-015107,0.09627139722876771
POL-015108,0.1907728787043325
POL-015109,0.19922611747019658
POL-015110,0.13165299282425796
POL-015111,0.2262034949312936
POL-015112,0.1515390223028403
POL-015113,0.20846002012363615
POL-015114,0.13120258756855654
POL-015115,0.185586771234033
POL-015116,0.17818702356987481
POL-015117,0.22231854749474897
POL-015118,0.13178202888841026
POL-015119,0.2161179469258055
POL-015120,0.08034486355758945
POL-015121,0.1773185043523486
POL-015122,0.13372425229882434
POL-015123,0.19237466393341587
POL-015124,0.1906221581086458
POL-015125,0.2024299225544214
POL-015126,0.26898613450852515
POL-015127,0.09302871626776345
POL-015128,0.12377334461189966
POL-015129,0.2891386102458355
POL-015130,0.18615876552067162
POL-015131,0.2352944936615437
POL-015132,0.08778260638357498
POL-015133,0.17655452452612921
POL-015134,0.18942193896702506
POL-015135,0.14943836619307138
POL-015136,0.18537787326049035
POL-015137,0.15670355867635116
POL-015138,0.07237970125195395
POL-015139,0.07748410568933166
POL-015140,0.1875506232154504
POL-015141,0.18512572859947857
POL-015142,0.07058937345202818
POL-015143,0.15893871880481344
POL-015144,0.18499476968749617
POL-015145,0.04838887777933547
POL-015146,0.07177370988090545
POL-015147,0.16559508961135808
POL-015148,0.10516426513101543
POL-015149,0.11871197703074568
POL-015150,0.12058377664312322
POL-015151,0.2525717112414818
POL-015152,0.38830658772840837
POL-015153,0.10536071946303033
POL-015154,0.06568748005421711
POL-015155,0.2149632161538508
POL-015156,0.13525902028930611
POL-015157,0.11320363895997448
POL-015158,0.1820150309379771
POL-015159,0.08942734918910229
POL-015160,0.08354711188911695
POL-015161,0.14841435559650026
POL-015162,0.1591197352213411
POL-015163,0.10287079322097875
POL-015164,0.11367251831396151
POL-015165,0.23664753978204275
POL-015166,0.07393671643916681
POL-015167,0.1602118554274112
POL-015168,0.2663468707480294
POL-015169,0.20771306552773533
POL-015170,0.14538745858708668
POL-015171,0.20912269183914414
POL-015172,0.1209157823700717
POL-015173,0.12822309890796446
POL-015174,0.06626952302024505
POL-015175,0.2738655703635467
POL-015176,0.16206865172931817
POL-015177,0.19817899407253647
POL-015178,0.053858690826968696
POL-015179,0.1646419247057855
POL-015180,0.11047027287236369
POL-015181,0.30570505208467746
POL-015182,0.16502222657538607
POL-015183,0.16331514211168352
POL-015184,0.1097403539008378
POL-015185,0.19008430626045003
POL-015186,0.1853071802693273
POL-015187,0.06590025729387505
POL-015188,0.16183102513322006
POL-015189,0.12139221480398826
POL-015190,0.09756543198429043
POL-015191,0.1393745004404586
POL-015192,0.39548375987715656
POL-015193,0.09750517678571685
POL-015194,0.0855434177175461
POL-015195,0.08914456426401596
POL-015196,0.13660264468194908
POL-015197,0.08224225979167274
POL-015198,0.17363850406680179
POL-015199,0.38367452676980734
POL-015200,0.12009868870784184
POL-015201,0.23066748337303047
POL-015202,0.13955322210696092
POL-015203,0.11133084086249977
POL-015204,0.06770387175352656
POL-015205,0.18024572815586584
POL-015206,0.08241337774288432
POL-015207,0.0742301678165649
POL-015208,0.23209380456558926
POL-015209,0.17289310096011007
POL-015210,0.290118975398984
POL-015211,0.23592293969466674
POL-015212,0.32187769169271474
POL-015213,0.050853322526712624
POL-015214,0.30840044514368053
POL-015215,0.2577031339462943
POL-015216,0.12216456394599089
POL-015217,0.0754583570253136
POL-015218,0.15228722291299038
POL-015219,0.19937644977627006
POL-015220,0.10119914786022886
POL-015221,0.16065071885203822
POL-015222,0.14725116016701895
POL-015223,0.12489297687319094
POL-015224,0.34365450816740944
POL-015225,0.3591176686852694
POL-015226,0.11963892425533174
POL-015227,0.12394232086820053
POL-015228,0.2839490167159711
POL-015229,0.12341332160682116
POL-015230,0.11292851135713873
POL-015231,0.17398867734822393
POL-015232,0.194599754534946
POL-015233,0.33584801642246187
POL-015234,0.14840899383150086
POL-015235,0.16306772637864914
POL-015236,0.17358310979688396
POL-015237,0.11767808629292877
POL-015238,0.13813487891897985
POL-015239,0.2882159001453109
POL-015240,0.15614614973966223
POL-015241,0.1494687714026703
POL-015242,0.14215567074756197
POL-015243,0.1937761916923964
POL-015244,0.13041746181063685
POL-015245,0.0690055694018528
POL-015246,0.22366072120839045
POL-015247,0.4565388072772504
POL-015248,0.18860540956162133
POL-015249,0.12020447682276947
POL-015250,0.12472415004952869
POL-015251,0.11645164027565769
POL-015252,0.19124525241244092
POL-015253,0.16696678851754632
POL-015254,0.3293590901340827
POL-015255,0.26543764821216814
POL-015256,0.2120535934190131
POL-015257,0.15714677906988134
POL-015258,0.37406596547077947
POL-015259,0.27669484679185763
POL-015260,0.16017347909809787
POL-015261,0.16583744505353443
POL-015262,0.22027416440787
POL-015263,0.342754833102737
POL-015264,0.3070571601721857
POL-015265,0.22899737609726592
POL-015266,0.05681637205107251
POL-015267,0.07799263575076727
POL-015268,0.14676553067648906
POL-015269,0.18190379386058234
POL-015270,0.1679911448305242
POL-015271,0.09078972934654723
POL-015272,0.3345688567799493
POL-015273,0.18236493058044076
POL-015274,0.09990278761902813
POL-015275,0.2312932631967674
POL-015276,0.196823635407806
POL-015277,0.21880619426118444
POL-015278,0.1409768309503481
POL-015279,0.06711581264911079
POL-015280,0.15775172170837468
POL-015281,0.13903180179508975
POL-015282,0.14485959545031518
POL-015283,0.15563515350299453
POL-015284,0.11778288874848306
POL-015285,0.11015068523421528
POL-015286,0.10425677017726866
POL-015287,0.08825067970994278
POL-015288,0.12281696041768433
POL-015289,0.4100220089800933
POL-015290,0.05389663274386847
POL-015291,0.07587859943033837
POL-015292,0.2671007584029048
POL-015293,0.21352157763914548
POL-015294,0.0995094726521727
POL-015295,0.109657741587144
POL-015296,0.07520299254204929
POL-015297,0.07209723399794889
POL-015298,0.158135965379542
POL-015299,0.11738151949123918
POL-015300,0.31459450770278335
POL-015301,0.25200344173746925
POL-015302,0.08639018995657352
POL-015303,0.14722783993834668
POL-015304,0.1810870911172568
POL-015305,0.08845291330044566
POL-015306,0.2400456693961217
POL-015307,0.14056466753551575
POL-015308,0.15163534615971883
POL-015309,0.10672657473662346
POL-015310,0.08922817736038957
POL-015311,0.0890283441437992
POL-015312,0.12931255538404027
POL-015313,0.16206406972794601
POL-015314,0.10294537480829331
POL-015315,0.05672910827588498
POL-015316,0.16133474773412815
POL-015317,0.1542540169792334
POL-015318,0.16790093142323786
POL-015319,0.11709181918267329
POL-015320,0.18822933379838916
POL-015321,0.11345238618988948
POL-015322,0.25506408413675974
POL-015323,0.12100047651021484
POL-015324,0.11819611710639588
POL-015325,0.23698945942977237
POL-015326,0.17671686428238476
POL-015327,0.16007153030577687
POL-015328,0.34145884946831845
POL-015329,0.09593912274736853
POL-015330,0.07173440683893276
POL-015331,0.33695114818787103
POL-015332,0.11659714587775663
POL-015333,0.051219504864100034
POL-015334,0.1857314535780176
POL-015335,0.18069744113844952
POL-015336,0.11932954853782866
POL-015337,0.06391310093818908
POL-015338,0.3534812564273099
POL-015339,0.09742419058634286
POL-015340,0.13213510820913688
POL-015341,0.17815880393609773
POL-015342,0.175527404223608
POL-015343,0.07677480301211696
POL-015344,0.12062872236983314
POL-015345,0.09473645208914784
POL-015346,0.3737188597957629
POL-015347,0.1782495827825332
POL-015348,0.20511480563672618
POL-015349,0.3431439560064612
POL-015350,0.10067874660457349
POL-015351,0.3303947164932847
POL-015352,0.2570893132967252
POL-015353,0.07712860339895361
POL-015354,0.10249361194980981
POL-015355,0.07421190773162427
POL-015356,0.04187562924012621
POL-015357,0.24537641453293285
POL-015358,0.08348968909895664
POL-015359,0.12784668394394968
POL-015360,0.2530186600289282
POL-015361,0.07636998803452023
POL-015362,0.14491413823070523
POL-015363,0.2649097946823065
POL-015364,0.0754678485965141
POL-015365,0.6608666679429318
POL-015366,0.35432442906218625
POL-015367,0.15239001270581828
POL-015368,0.21158189098157398
POL-015369,0.06727966668024217
POL-015370,0.11255787625593798
POL-015371,0.41171469248923587
POL-015372,0.07972783420778135
POL-015373,0.21606856157503276
POL-015374,0.09275922817973573
POL-015375,0.10615489223832701
POL-015376,0.08452239693022769
POL-015377,0.07570935897625272
POL-015378,0.07533235689636024
POL-015379,0.09561800762889719
POL-015380,0.3169399158621618
POL-015381,0.1512487811720333
POL-015382,0.17682647996721093
POL-015383,0.2089976379246179
POL-015384,0.1159286166862167
POL-015385,0.09868904588178333
POL-015386,0.26172744611013987
POL-015387,0.09505023786649809
POL-015388,0.22973726372972922
POL-015389,0.3253793872647182
POL-015390,0.07722047818953295
POL-015391,0.17686788888280822
POL-015392,0.22534933764357987
POL-015393,0.2381540997332637
POL-015394,0.1317658243956066
POL-015395,0.14029014570517243
POL-015396,0.13857347301678613
POL-015397,0.10024939843954285
POL-015398,0.13580017992857063
POL-015399,0.11969418222843843
POL-015400,0.14994531820224652
POL-015401,0.18809825692225995
POL-015402,0.29986113752596727
POL-015403,0.11446916397648549
POL-015404,0.07946790734292505
POL-015405,0.31476269651180355
POL-015406,0.07083798716657742
POL-015407,0.09901783855315542
POL-015408,0.17652447824182627
POL-015409,0.08148396158971336
POL-015410,0.15750331252356015
POL-015411,0.12731449268280826
POL-015412,0.07030014925200043
POL-015413,0.12807918285020162
POL-015414,0.1510677832888254
POL-015415,0.22680046090471448
POL-015416,0.13158025152610014
POL-015417,0.10451934950049208
POL-015418,0.13979159848135986
POL-015419,0.11888644240184373
POL-015420,0.349369023252777
POL-015421,0.22343214178725812
POL-015422,0.4417713412588627
POL-015423,0.14386390134020843
POL-015424,0.055563100994271926
POL-015425,0.05636712345672593
POL-015426,0.08763144131099707
POL-015427,0.10668593417604093
POL-015428,0.14132024193854226
POL-015429,0.26303966773499693
POL-015430,0.13060509161462783
POL-015431,0.1141740790003431
POL-015432,0.13265232661420961
POL-015433,0.23601662829808587
POL-015434,0.06980398625836709
POL-015435,0.15167968302755316
POL-015436,0.051235459612408864
POL-015437,0.10091478488831693
POL-015438,0.2664747506314007
POL-015439,0.1725932090584915
POL-015440,0.3060797671222484
POL-015441,0.11894659431507193
POL-015442,0.1775666662405112
POL-015443,0.09918932900205071
POL-015444,0.23677061722965093
POL-015445,0.08836280839406076
POL-015446,0.1881765726543021
POL-015447,0.23898401840133335
POL-015448,0.16710068680782747
POL-015449,0.2669853570193444
POL-015450,0.1570713066458837
POL-015451,0.05600887922461544
POL-015452,0.29288010006060816
POL-015453,0.13281912984801508
POL-015454,0.11242811725781462
POL-015455,0.09738907606896824
POL-015456,0.21651027225437738
POL-015457,0.10011400693622652
POL-015458,0.12143498723187235
POL-015459,0.18677169533979293
POL-015460,0.15560559374659313
POL-015461,0.25501383116983095
POL-015462,0.29019830393234586
POL-015463,0.06985563789472266
POL-015464,0.19082439291516828
POL-015465,0.07489701346753254
POL-015466,0.13216833636429268
POL-015467,0.14039389615810277
POL-015468,0.20522437141471117
POL-015469,0.1737952813111181
POL-015470,0.2286152205183995
POL-015471,0.10374411107649167
POL-015472,0.11623565179647925
POL-015473,0.12854841844184334
POL-015474,0.07502343789652828
POL-015475,0.08328544483361368
POL-015476,0.2619664256451229
POL-015477,0.2679542176647594
POL-015478,0.13807846230941417
POL-015479,0.08489032785689452
POL-015480,0.10516652750151573
POL-015481,0.18181479003363124
POL-015482,0.14208383640877859
POL-015483,0.24774721572441205
POL-015484,0.11618286097181513
POL-015485,0.19162935317109034
POL-015486,0.10935053751351025
POL-015487,0.19677362405083337
POL-015488,0.12007797674871389
POL-015489,0.255258938444262
POL-015490,0.07364255358963596
POL-015491,0.10447625591734465
POL-015492,0.09531300898707928
POL-015493,0.2779860398236261
POL-015494,0.20552699340316252
POL-015495,0.10517964489058737
POL-015496,0.12311825546250713
POL-015497,0.057754768902311134
POL-015498,0.12136755950011494
POL-015499,0.20637775793841823
POL-015500,0.20391207457841273
POL-015501,0.21917481593188257
POL-015502,0.247274342637378
POL-015503,0.1822713455877161
POL-015504,0.19898057771771585
POL-015505,0.07583551997964531
POL-015506,0.06456647179204093
POL-015507,0.19572638501710102
POL-015508,0.19009988041890707
POL-015509,0.09825818089699409
POL-015510,0.23944795595565294
POL-015511,0.12528551769248236
POL-015512,0.28443219314681667
POL-015513,0.07486510473336996
POL-015514,0.13643553774767417
POL-015515,0.14993916401125906
POL-015516,0.0779849361269148
POL-015517,0.05207680868390858
POL-015518,0.15073898991921508
POL-015519,0.2866192297414138
POL-015520,0.31086538890421483
POL-015521,0.14206196460256248
POL-015522,0.14165657517942898
POL-015523,0.27505781156259324
POL-015524,0.23937264887963813
POL-015525,0.307984904452698
POL-015526,0.09734674532419627
POL-015527,0.17269197675452774
POL-015528,0.16934205042954714
POL-015529,0.14457019057247908
POL-015530,0.09564522645111079
POL-015531,0.09731494065588046
POL-015532,0.07528117867511065
POL-015533,0.12571145018436966
POL-015534,0.10265489686765998
POL-015535,0.2738233601032891
POL-015536,0.12805599862834316
POL-015537,0.13327391859941293
POL-015538,0.21792202821128748
POL-015539,0.23688370706999737
POL-015540,0.10804894586151202
POL-015541,0.18312919730305566
POL-015542,0.15987163186332046
POL-015543,0.053219884912461095
POL-015544,0.3496660471275319
POL-015545,0.12460336816016088
POL-015546,0.23974348013971986
POL-015547,0.20266737725167108
POL-015548,0.10231977783335519
POL-015549,0.32028781607662643
POL-015550,0.13462361070989165
POL-015551,0.12445081247702953
POL-015552,0.17818861311913203
POL-015553,0.10075099440760378
POL-015554,0.19755348344520493
POL-015555,0.11234045356946763
POL-015556,0.24519648618073686
POL-015557,0.1343251756753614
POL-015558,0.12412800141708508
POL-015559,0.19701801787392223
POL-015560,0.20195215063242583
POL-015561,0.1270027204836955
POL-015562,0.05602464933285697
POL-015563,0.0660450825976244
POL-015564,0.08008504776640957
POL-015565,0.12498244531782558
POL-015566,0.1617911031362778
POL-015567,0.09544934371913383
POL-015568,0.08185619525003303
POL-015569,0.2017436559782515
POL-015570,0.06769632247825688
POL-015571,0.17981192260786466
POL-015572,0.13076125578325212
POL-015573,0.32964313338796525
POL-015574,0.09850373082315166
POL-015575,0.05282778160464198
POL-015576,0.10792102241956088
POL-015577,0.09932082625485254
POL-015578,0.11160529617274356
POL-015579,0.1818746432588336
POL-015580,0.10643260259988674
POL-015581,0.21971147707338207
POL-015582,0.20547925181890006
POL-015583,0.1360197529988769
POL-015584,0.20146989361490691
POL-015585,0.09937157021346894
POL-015586,0.14285717726208613
POL-015587,0.13801287425797104
POL-015588,0.2528131063998297
POL-015589,0.22590394870775612
POL-015590,0.08712104192499322
POL-015591,0.17012514196653555
POL-015592,0.15086391267337348
POL-015593,0.11033668395475327
POL-015594,0.3855788323942765
POL-015595,0.2554107143159363
POL-015596,0.22323682585778581
POL-015597,0.0965466612661307
POL-015598,0.12322316629085067
POL-015599,0.15857181135940707
POL-015600,0.16691606107136253
POL-015601,0.07837734406170029
POL-015602,0.11250794876518797
POL-015603,0.15406672199872287
POL-015604,0.0968008542400475
POL-015605,0.23630579294669807
POL-015606,0.1987994628089606
POL-015607,0.23424528084823182
POL-015608,0.1668448773200884
POL-015609,0.13241131535599215
POL-015610,0.2603500625313941
POL-015611,0.17585495988706157
POL-015612,0.2626149146445313
POL-015613,0.06917714516793999
POL-015614,0.6145461098630399
POL-015615,0.1286681491903113
POL-015616,0.2024497766123067
POL-015617,0.07542421516481528
POL-015618,0.4140060491732295
POL-015619,0.0515664795119078
POL-015620,0.19196259200029656
POL-015621,0.17955155518071497
POL-015622,0.1530205622120746
POL-015623,0.26343444123635174
POL-015624,0.11770141670056032
POL-015625,0.26364895223479023
POL-015626,0.12379811418202781
POL-015627,0.12967697571788522
POL-015628,0.10025769111101895
POL-015629,0.199060903919302
POL-015630,0.1242978639346936
POL-015631,0.1224755146168143
POL-015632,0.1375360193173267
POL-015633,0.09188328061102036
POL-015634,0.19672642327321718
POL-015635,0.13371517678985942
POL-015636,0.17877076738683945
POL-015637,0.09857151939675511
POL-015638,0.1442496323666836
POL-015639,0.2160100900477045
POL-015640,0.22439609193702809
POL-015641,0.06636066771176188
POL-015642,0.20411680399679558
POL-015643,0.17787579308579443
POL-015644,0.2748227692144114
POL-015645,0.1096396951915485
POL-015646,0.14769796685704903
POL-015647,0.15109699538678611
POL-015648,0.05677278875287767
POL-015649,0.30578594763546585
POL-015650,0.1480456097929144
POL-015651,0.09151624094780705
POL-015652,0.05798582292680278
POL-015653,0.0691975733426762
POL-015654,0.20341448822348152
POL-015655,0.10617103905502766
POL-015656,0.22446324383574093
POL-015657,0.16022857090296813
POL-015658,0.12922873746833338
POL-015659,0.06640757831743951
POL-015660,0.05394180584359346
POL-015661,0.2979269515473477
POL-015662,0.3603920648981826
POL-015663,0.1678652693964066
POL-015664,0.30012114591800765
POL-015665,0.07548726702174616
POL-015666,0.14475957882924098
POL-015667,0.25149800670632727
POL-015668,0.13181188570869393
POL-015669,0.3755909169294619
POL-015670,0.1142665388337597
POL-015671,0.1187146427342051
POL-015672,0.11678528939445557
POL-015673,0.09724611984490458
POL-015674,0.2629782556655211
POL-015675,0.09988080747590884
POL-015676,0.08816043128600726
POL-015677,0.06780361572900244
POL-015678,0.13379132448939998
POL-015679,0.340895223985726
POL-015680,0.14516915022956148
POL-015681,0.19960799115867506
POL-015682,0.1346107487352535
POL-015683,0.051416425724950456
POL-015684,0.14495529210615224
POL-015685,0.1161217918448583
POL-015686,0.16607192235111967
POL-015687,0.19033022431846838
POL-015688,0.2998802100599017
POL-015689,0.11133284572651661
POL-015690,0.07094004945251085
POL-015691,0.08856698477554063
POL-015692,0.1102199431616906
POL-015693,0.26076947795105154
POL-015694,0.12737336115953643
POL-015695,0.4645270769335327
POL-015696,0.12661607581094714
POL-015697,0.14437591854349052
POL-015698,0.09402408847890227
POL-015699,0.16716907819691484
POL-015700,0.17923065598624952
POL-015701,0.07647976881551721
POL-015702,0.20982315487128958
POL-015703,0.2251828288255817
POL-015704,0.17499244006330836
POL-015705,0.16745658287237486
POL-015706,0.11829910627280588
POL-015707,0.18759481091418037
POL-015708,0.049348812526852
POL-015709,0.11102864819807384
POL-015710,0.36553538527973434
POL-015711,0.1290604933231426
POL-015712,0.16693749681144474
POL-015713,0.14089493881410162
POL-015714,0.10814150234488006
POL-015715,0.1308663682496199
POL-015716,0.13041924567413712
POL-015717,0.3238653096307415
POL-015718,0.1929170265982252
POL-015719,0.17739062461194374
POL-015720,0.07166384678101084
POL-015721,0.14695701258064567
POL-015722,0.16618317268551527
POL-015723,0.13137560316259972
POL-015724,0.08903054591902049
POL-015725,0.14352895394504742
POL-015726,0.1642020554816839
POL-015727,0.13653698221072466
POL-015728,0.14665410554012626
POL-015729,0.2016818849027682
POL-015730,0.12287844271055115
POL-015731,0.10579688090620913
POL-015732,0.21187154874144803
POL-015733,0.05800531490748675
POL-015734,0.17678725384606414
POL-015735,0.3948635804629469
POL-015736,0.09234355991853578
POL-015737,0.31076823202578996
POL-015738,0.04749064757557901
POL-015739,0.06863209265140019
POL-015740,0.10729821482674802
POL-015741,0.3840862224214207
POL-015742,0.12100774546632376
POL-015743,0.12639059015423373
POL-015744,0.16913336153064526
POL-015745,0.1980320672937721
POL-015746,0.06317170299279187
POL-015747,0.3375724941219536
POL-015748,0.12462052921618669
POL-015749,0.09501861263968508
POL-015750,0.1461539448398965
POL-015751,0.3335557471770896
POL-015752,0.2961298512326444
POL-015753,0.08478343194557597
POL-015754,0.24083439740138757
POL-015755,0.1431034134505801
POL-015756,0.20649423926977167
POL-015757,0.16163673769548953
POL-015758,0.13818591576895925
POL-015759,0.24324028210175455
POL-015760,0.19797338869102904
POL-015761,0.09035180742850482
POL-015762,0.12179075744096787
POL-015763,0.1120306757743376
POL-015764,0.08316213785903989
POL-015765,0.13958686519173763
POL-015766,0.27348823869815436
POL-015767,0.18098587779360542
POL-015768,0.22641887180906356
POL-015769,0.09270828041541575
POL-015770,0.07592329330230753
POL-015771,0.17639224507923706
POL-015772,0.15599596269508156
POL-015773,0.07874538771122279
POL-015774,0.16679018980628404
POL-015775,0.12521307634739143
POL-015776,0.2622992757608586
POL-015777,0.10266618242891339
POL-015778,0.20606246851140803
POL-015779,0.19856746976003797
POL-015780,0.33182805238637947
POL-015781,0.17189277592183105
POL-015782,0.0805655744599234
POL-015783,0.26911070355986894
POL-015784,0.31946783128735323
POL-015785,0.24308656002205842
POL-015786,0.07782483709243872
POL-015787,0.1021498712731075
POL-015788,0.12142736724231311
POL-015789,0.1883931340925854
POL-015790,0.10832170615101622
POL-015791,0.2045066761494885
POL-015792,0.11875627837526148
POL-015793,0.1875393043509269
POL-015794,0.20352844724269206
POL-015795,0.12282597449424995
POL-015796,0.33240027125537785
POL-015797,0.254704732324015
POL-015798,0.09801538208989119
POL-015799,0.33555290767654766
POL-015800,0.15642674609615367
POL-015801,0.17121036756087268
POL-015802,0.23707367040059693
POL-015803,0.221745338173664
POL-015804,0.08817884456675461
POL-015805,0.23908859509470456
POL-015806,0.15673334948072923
POL-015807,0.2434393957861722
POL-015808,0.32251303791661273
POL-015809,0.24129736898132106
POL-015810,0.07441214018128911
POL-015811,0.19561067936354454
POL-015812,0.10743446097395351
POL-015813,0.12788919287567407
POL-015814,0.24696129141688525
POL-015815,0.17387983022972875
POL-015816,0.19187476163910247
POL-015817,0.14691191853423677
POL-015818,0.08929642032496427
POL-015819,0.20445519099323708
POL-015820,0.1693032870434014
POL-015821,0.10687777451835201
POL-015822,0.2686601914710558
POL-015823,0.20422331927780232
POL-015824,0.19696979048381352
POL-015825,0.26994203066479033
POL-015826,0.1016146317990406
POL-015827,0.1882135777875098
POL-015828,0.1394972021084821
POL-015829,0.17432082875549118
POL-015830,0.14767523122243045
POL-015831,0.226318016457258
POL-015832,0.055784954430400886
POL-015833,0.12783147826901484
POL-015834,0.1537619635733142
POL-015835,0.05097235549181119
POL-015836,0.10537974211649588
POL-015837,0.1875491435859945
POL-015838,0.27686180095583895
POL-015839,0.11458485667107669
POL-015840,0.2503687759300032
POL-015841,0.12319089587940935
POL-015842,0.07981024334387576
POL-015843,0.11461444870510616
POL-015844,0.06014370914652655
POL-015845,0.08808058259176539
POL-015846,0.1693850953408984
POL-015847,0.5393995055647727
POL-015848,0.09443422597264428
POL-015849,0.4105398508184943
POL-015850,0.1635974984549843
POL-015851,0.4554698319766761
POL-015852,0.09866947405730546
POL-015853,0.12816384051407934
POL-015854,0.2318472589815822
POL-015855,0.07464999179540688
POL-015856,0.15993825717061835
POL-015857,0.11889847724474781
POL-015858,0.21217932857710972
POL-015859,0.24428660876955646
POL-015860,0.2097444108366637
POL-015861,0.17800707495792606
POL-015862,0.2284111219936884
POL-015863,0.1478560566294106
POL-015864,0.27721374535730897
POL-015865,0.3200693661301304
POL-015866,0.11932951471523272
POL-015867,0.07227661643656946
POL-015868,0.17271464332691852
POL-015869,0.14421165234198197
POL-015870,0.1960751106390781
POL-015871,0.10366294951669358
POL-015872,0.2045699839564248
POL-015873,0.13751795886996324
POL-015874,0.19196241567890923
POL-015875,0.4568191643234995
POL-015876,0.15734568585787936
POL-015877,0.14984854188310395
POL-015878,0.14892941204257418
POL-015879,0.3780967467711397
POL-015880,0.2659504492062146
POL-015881,0.20047463460162213
POL-015882,0.11451574857474053
POL-015883,0.13325857272271532
POL-015884,0.1654756119163471
POL-015885,0.04554183413755396
POL-015886,0.06427046491916773
POL-015887,0.3625830722982749
POL-015888,0.11625521916416791
POL-015889,0.14028180187013778
POL-015890,0.20006827494754933
POL-015891,0.11610618184616676
POL-015892,0.09596322943685001
POL-015893,0.20663701775155116
POL-015894,0.13965160545599997
POL-015895,0.16975610990433215
POL-015896,0.2796104420560767
POL-015897,0.06980515135453572
POL-015898,0.1617449392472684
POL-015899,0.10042906551907337
POL-015900,0.28203407161563554
POL-015901,0.08578821264929892
POL-015902,0.17906748449158744
POL-015903,0.13720974468795008
POL-015904,0.26403693864149064
POL-015905,0.17210159894490076
POL-015906,0.11940237813206711
POL-015907,0.07546433467458556
POL-015908,0.13857966355806467
POL-015909,0.09180376010410532
POL-015910,0.1127050634171716
POL-015911,0.18058458646029865
POL-015912,0.09293551376305617
POL-015913,0.15869464474697953
POL-015914,0.08094713202375106
POL-015915,0.2018087280503497
POL-015916,0.15039161331608403
POL-015917,0.09490217503534597
POL-015918,0.18491653174431247
POL-015919,0.2117365316196756
POL-015920,0.32423938386805806
POL-015921,0.14460016151525698
POL-015922,0.11450882829089792
POL-015923,0.12849648519038903
POL-015924,0.09195063035794775
POL-015925,0.17464924530622025
POL-015926,0.1853775548069023
POL-015927,0.11007440728513616
POL-015928,0.15822805608150922
POL-015929,0.13631597044704058
POL-015930,0.09085911269768078
POL-015931,0.09131697220604015
POL-015932,0.1475032795768387
POL-015933,0.2667289871499282
POL-015934,0.11443850501297971
POL-015935,0.32855361796486043
POL-015936,0.054700871103837284
POL-015937,0.12054577431362114
POL-015938,0.11650095135176333
POL-015939,0.27650087262079015
POL-015940,0.09442122496422252
POL-015941,0.05805860578794204
POL-015942,0.3776350624816882
POL-015943,0.17574071127598875
POL-015944,0.2799131266597946
POL-015945,0.08283262825376823
POL-015946,0.06840306223588362
POL-015947,0.2638577639303141
POL-015948,0.22890476259567044
POL-015949,0.2587650122227144
POL-015950,0.16698804430854897
POL-015951,0.14253062311512127
POL-015952,0.1520818287515636
POL-015953,0.15750863149095712
POL-015954,0.0910455681904779
POL-015955,0.12354146881800697
POL-015956,0.384571206418536
POL-015957,0.1423823415818407
POL-015958,0.18396735692516508
POL-015959,0.11523412454521338
POL-015960,0.14862984161636492
POL-015961,0.2976251859122064
POL-015962,0.19562906978544828
POL-015963,0.10384352347401456
POL-015964,0.09619843801776519
POL-015965,0.08799168866038441
POL-015966,0.19754271906071524
POL-015967,0.17709831718941552
POL-015968,0.09560652890882916
POL-015969,0.09746710093759188
POL-015970,0.05582806570552702
POL-015971,0.11109884598510271
POL-015972,0.1485082739854002
POL-015973,0.07507972413993705
POL-015974,0.1220811914066088
POL-015975,0.2222118864890961
POL-015976,0.16355431962732683
POL-015977,0.12950072838857274
POL-015978,0.15101507790847682
POL-015979,0.21101146349205138
POL-015980,0.09754320016606732
POL-015981,0.301720780511829
POL-015982,0.06546580804904634
POL-015983,0.18894050833216622
POL-015984,0.11844480045516444
POL-015985,0.09081310313104367
POL-015986,0.1326019802225351
POL-015987,0.15403086548118813
POL-015988,0.2802146971165192
POL-015989,0.1387490910375256
POL-015990,0.13301875597645765
POL-015991,0.1542659356760562
POL-015992,0.18361004023208705
POL-015993,0.11644436455224513
POL-015994,0.14603072328341535
POL-015995,0.2968228152373214
POL-015996,0.12281010294072946
POL-015997,0.2405281312073031
POL-015998,0.07102245419665881
POL-015999,0.10582916540919561
POL-016000,0.10800670195548749
POL-016001,0.1346042308816534
POL-016002,0.17887150456170497
POL-016003,0.11949435254699801
POL-016004,0.11448637657463427
POL-016005,0.10973758573962293
POL-016006,0.34543892776617346
POL-016007,0.1487323800558824
POL-016008,0.20184345127423142
POL-016009,0.13210025028406802
POL-016010,0.23129411355477655
POL-016011,0.12211686398224345
POL-016012,0.23049721853417543
POL-016013,0.07915165162358027
POL-016014,0.11746629746195952
POL-016015,0.13182880051104268
POL-016016,0.10085903039046258
POL-016017,0.1532431213070818
POL-016018,0.11729530168121284
POL-016019,0.12028625245596046
POL-016020,0.1961918630115751
POL-016021,0.11453976821957036
POL-016022,0.12092903561701814
POL-016023,0.16007977098464027
POL-016024,0.29513741114157566
POL-016025,0.12284853065243553
POL-016026,0.19261165663243524
POL-016027,0.23387325991944646
POL-016028,0.12237699541588866
POL-016029,0.24291209396598565
POL-016030,0.2651975436753817
POL-016031,0.2215552882628983
POL-016032,0.10700594934467493
POL-016033,0.14793311401667464
POL-016034,0.12236040106027797
POL-016035,0.1258502721894164
POL-016036,0.07576494880521313
POL-016037,0.25196784979921555
POL-016038,0.09509302450977934
POL-016039,0.2360485737184109
POL-016040,0.23626971636498298
POL-016041,0.1679621669560857
POL-016042,0.1569728966616157
POL-016043,0.1229780988148244
POL-016044,0.14747872656104913
POL-016045,0.10528393959608476
POL-016046,0.202177054649412
POL-016047,0.12061658935566923
POL-016048,0.18586023147309524
POL-016049,0.20571342603108897
POL-016050,0.2444888603999481
POL-016051,0.19709010217169645
POL-016052,0.06742863861751527
POL-016053,0.08268957504602414
POL-016054,0.17364817388948592
POL-016055,0.3355245385867603
POL-016056,0.2288362566610119
POL-016057,0.10361687668243613
POL-016058,0.08191645871718681
POL-016059,0.347537536716865
POL-016060,0.12167065216950149
POL-016061,0.2817630902590199
POL-016062,0.11537166827275601
POL-016063,0.10785473315208544
POL-016064,0.32528163059180604
POL-016065,0.08131564992973987
POL-016066,0.270054299653187
POL-016067,0.07749754779485046
POL-016068,0.14103860920940742
POL-016069,0.1956669406844541
POL-016070,0.23395857199955014
POL-016071,0.1057750759515722
POL-016072,0.27360436305589064
POL-016073,0.3043906195870527
POL-016074,0.21283471204233956
POL-016075,0.20017301709756183
POL-016076,0.22784479613036268
POL-016077,0.14533105045779082
POL-016078,0.1582472533739936
POL-016079,0.21719858419493634
POL-016080,0.21280949591767512
POL-016081,0.1426990201450724
POL-016082,0.19558388916309966
POL-016083,0.18830431342516943
POL-016084,0.18400781302545313
POL-016085,0.07985576228630498
POL-016086,0.09607812336874541
POL-016087,0.10682209444034453
POL-016088,0.10714085774928875
POL-016089,0.12957426341901346
POL-016090,0.22492897131046707
POL-016091,0.13604025086732166
POL-016092,0.12935194874230532
POL-016093,0.17698960463562538
POL-016094,0.38251318450769406
POL-016095,0.2000823597396848
POL-016096,0.15597721468417808
POL-016097,0.10099486884663589
POL-016098,0.14987299614081942
POL-016099,0.06635618914716364
POL-016100,0.05197116466152106
POL-016101,0.1521175492246412
POL-016102,0.14373780291121982
POL-016103,0.15820062933160492
POL-016104,0.08805408736183151
POL-016105,0.1613917606010504
POL-016106,0.13368312487471676
POL-016107,0.07260124078298401
POL-016108,0.07584792660116565
POL-016109,0.05633115717454232
POL-016110,0.08885887501657352
POL-016111,0.15914295779313847
POL-016112,0.12727982559666082
POL-016113,0.16066592939656937
POL-016114,0.12263101411075214
POL-016115,0.1048192060301061
POL-016116,0.38620958802867933
POL-016117,0.1280244376585594
POL-016118,0.1359209004544268
POL-016119,0.15930426216915844
POL-016120,0.1315591779116573
POL-016121,0.08317377823267626
POL-016122,0.053724491812043314
POL-016123,0.27316015037618535
POL-016124,0.13835945679646913
POL-016125,0.06024739510370301
POL-016126,0.19123426824597556
POL-016127,0.15054323236445968
POL-016128,0.2192582257683246
POL-016129,0.173238635168337
POL-016130,0.10493973894036598
POL-016131,0.19503537398296192
POL-016132,0.14737141756314856
POL-016133,0.07980096594148525
POL-016134,0.2640295898406664
POL-016135,0.2149266227733409
POL-016136,0.12288344274322716
POL-016137,0.17920412059421773
POL-016138,0.21135957093810503
POL-016139,0.13309478971102875
POL-016140,0.17695589398061448
POL-016141,0.0672591800378715
POL-016142,0.16460802270985295
POL-016143,0.11034011640284029
POL-016144,0.07815098841886783
POL-016145,0.18276762812231642
POL-016146,0.15494919489769657
POL-016147,0.182368830967517
POL-016148,0.24056502488281306
POL-016149,0.16793653976733225
POL-016150,0.14758804873562664
POL-016151,0.1261626063957332
POL-016152,0.10556331893839191
POL-016153,0.19968707769178443
POL-016154,0.14059537961508753
POL-016155,0.08875547058062358
POL-016156,0.06572892332257203
POL-016157,0.19966431282620184
POL-016158,0.09628097644553472
POL-016159,0.23467601383250203
POL-016160,0.3670420417614681
POL-016161,0.24123082781415897
POL-016162,0.16546218646163155
POL-016163,0.08029752405997866
POL-016164,0.3594186010311563
POL-016165,0.25281789332503696
POL-016166,0.18175786509908273
POL-016167,0.1373756787951895
POL-016168,0.17186283141521885
POL-016169,0.20187824642303207
POL-016170,0.4361027655330879
POL-016171,0.16838913788291085
POL-016172,0.23020146970396052
POL-016173,0.28937646174132764
POL-016174,0.10700966801265764
POL-016175,0.14849253656697725
POL-016176,0.14717407518560727
POL-016177,0.0832659699358009
POL-016178,0.11018986381861255
POL-016179,0.11656842179088026
POL-016180,0.12703516457574854
POL-016181,0.15038970827539375
POL-016182,0.14297798454775995
POL-016183,0.11969557139644997
POL-016184,0.11312273360547606
POL-016185,0.12363837764442988
POL-016186,0.1236826124612412
POL-016187,0.10736376788837736
POL-016188,0.07179503715679765
POL-016189,0.09958039084502734
POL-016190,0.1308034872334072
POL-016191,0.05383243768521968
POL-016192,0.19901640054502331
POL-016193,0.0736355690111095
POL-016194,0.12654963998497598
POL-016195,0.12920164795608338
POL-016196,0.13395975317553097
POL-016197,0.1229503532229004
POL-016198,0.2125032366848501
POL-016199,0.30456021717038056
POL-016200,0.17972842399511654
POL-016201,0.20759920356337475
POL-016202,0.14821189900136475
POL-016203,0.10694962962652735
POL-016204,0.18393034612026254
POL-016205,0.258080030298749
POL-016206,0.14273025128759248
POL-016207,0.18249508760501243
POL-016208,0.072613933155171
POL-016209,0.08702983185303777
POL-016210,0.2415802567171863
POL-016211,0.16525517058476671
POL-016212,0.13332628731622362
POL-016213,0.10196425469360595
POL-016214,0.054709092453454525
POL-016215,0.14239595568282193
POL-016216,0.1371115165439705
POL-016217,0.07311919682629679
POL-016218,0.13539027387106495
POL-016219,0.15027825715962628
POL-016220,0.16436739114382776
POL-016221,0.07126828136661292
POL-016222,0.07028923994929152
POL-016223,0.1366980186388716
POL-016224,0.21963465994569586
POL-016225,0.07824081358868018
POL-016226,0.3939360066823807
POL-016227,0.08326962916821912
POL-016228,0.14206457297199443
POL-016229,0.3436770073808699
POL-016230,0.1281434118792178
POL-016231,0.1494441039705876
POL-016232,0.43482827912928956
POL-016233,0.20391391047848503
POL-016234,0.30059799648221025
POL-016235,0.21531769328040637
POL-016236,0.1472233006905497
POL-016237,0.2427183495093385
POL-016238,0.3074107040691691
POL-016239,0.08307068735073893
POL-016240,0.20831540205443075
POL-016241,0.0929964711513572
POL-016242,0.2007872191426884
POL-016243,0.07691210597696238
POL-016244,0.161755058953417
POL-016245,0.16419316209295262
POL-016246,0.09228766335107998
POL-016247,0.12524118424061484
POL-016248,0.1261984499690022
POL-016249,0.3004934113854831
POL-016250,0.11598935196478262
POL-016251,0.1219794465689357
POL-016252,0.20051538966551583
POL-016253,0.19357442181916068
POL-016254,0.08977197011442452
POL-016255,0.10903252970426765
POL-016256,0.062379558150959684
POL-016257,0.12722621158782177
POL-016258,0.1985847074999227
POL-016259,0.17838559906201942
POL-016260,0.3481244029434598
POL-016261,0.20664800631507588
POL-016262,0.11073924839264566
POL-016263,0.183165663262889
POL-016264,0.09684144552373537
POL-016265,0.11081556873674615
POL-016266,0.1284567723376327
POL-016267,0.12666716134293082
POL-016268,0.3406024110907468
POL-016269,0.08310270686059414
POL-016270,0.1522390770796726
POL-016271,0.14498893823973877
POL-016272,0.1593015087322159
POL-016273,0.19262488096881447
POL-016274,0.17748562814309693
POL-016275,0.13793464280322362
POL-016276,0.17399152733601672
POL-016277,0.2751482604445776
POL-016278,0.23992039439146887
POL-016279,0.08503261918796827
POL-016280,0.09117297844860513
POL-016281,0.1553123134516913
POL-016282,0.16651837558480148
POL-016283,0.17625269441975633
POL-016284,0.14623400039232817
POL-016285,0.18768174135123303
POL-016286,0.08476548958012044
POL-016287,0.08490418764824477
POL-016288,0.1277213805036644
POL-016289,0.0867059509286019
POL-016290,0.12914416307926463
POL-016291,0.3032535213084093
POL-016292,0.11399159947675351
POL-016293,0.2661784142055023
POL-016294,0.13996351478333216
POL-016295,0.23135895672372817
POL-016296,0.19169295444358808
POL-016297,0.25857033656373535
POL-016298,0.3239529441362508
POL-016299,0.19362110571825233
POL-016300,0.1297231810540451
POL-016301,0.05158508042410713
POL-016302,0.19739391041039372
POL-016303,0.14639026186711976
POL-016304,0.12186891779829312
POL-016305,0.10297566097786406
POL-016306,0.14077590482405278
POL-016307,0.21767970463508612
POL-016308,0.25696559021214327
POL-016309,0.16413866083711395
POL-016310,0.1350459639906959
POL-016311,0.2299634582000564
POL-016312,0.14433135136754263
POL-016313,0.08632748870852462
POL-016314,0.15189717582526654
POL-016315,0.2287566620522169
POL-016316,0.08960029899668037
POL-016317,0.1446935824469923
POL-016318,0.1370978307909909
POL-016319,0.15122522570809238
POL-016320,0.1878388670304491
POL-016321,0.11069437551009605
POL-016322,0.17412740328997314
POL-016323,0.1837309462544417
POL-016324,0.0862338401604814
POL-016325,0.059360132336590044
POL-016326,0.08325723978583177
POL-016327,0.27488668652144405
POL-016328,0.09576139113906278
POL-016329,0.42099869657732625
POL-016330,0.07824138654750186
POL-016331,0.2274447693236516
POL-016332,0.12897174484194454
POL-016333,0.1272340610001715
POL-016334,0.16874323300138377
POL-016335,0.09316773007530538
POL-016336,0.1737656923540782
POL-016337,0.2251801008037614
POL-016338,0.14036442925215753
POL-016339,0.05765723080580332
POL-016340,0.08003136632694546
POL-016341,0.08469990775178239
POL-016342,0.09102233953145387
POL-016343,0.15127142625162374
POL-016344,0.1524114735701512
POL-016345,0.31296916756435167
POL-016346,0.0627474172707158
POL-016347,0.22970053082563222
POL-016348,0.13201713016867833
POL-016349,0.14528214339037243
POL-016350,0.07443100079944955
POL-016351,0.0588239108906861
POL-016352,0.12764519284938103
POL-016353,0.16579038877625815
POL-016354,0.1586155292449277
POL-016355,0.16392530573314337
POL-016356,0.13255885324580646
POL-016357,0.11923257475771835
POL-016358,0.09137021787209706
POL-016359,0.0942366845238291
POL-016360,0.12384364085210185
POL-016361,0.15641833733766367
POL-016362,0.11254247404128984
POL-016363,0.1824361907677931
POL-016364,0.1617381200778242
POL-016365,0.0959038776642733
POL-016366,0.3299537066914569
POL-016367,0.11312484327504466
POL-016368,0.13662515002373143
POL-016369,0.1877736376647357
POL-016370,0.1189469442098594
POL-016371,0.1445421710697517
POL-016372,0.1387774648218611
POL-016373,0.08442442959823238
POL-016374,0.17018991780165396
POL-016375,0.26684092094014583
POL-016376,0.13209094566396168
POL-016377,0.11064399884157339
POL-016378,0.29019667745089595
POL-016379,0.5335712626765966
POL-016380,0.27518888977396533
POL-016381,0.06530611570740996
POL-016382,0.19571585511290018
POL-016383,0.11367950905031174
POL-016384,0.08324838307939983
POL-016385,0.1246165565648966
POL-016386,0.21937337711540714
POL-016387,0.13129038578188787
POL-016388,0.10373284828413022
POL-016389,0.11720863452603204
POL-016390,0.2674110975700142
POL-016391,0.0630364179952581
POL-016392,0.11310426299766263
POL-016393,0.1047559890196874
POL-016394,0.08377397446176955
POL-016395,0.06140142194460675
POL-016396,0.09656313520975333
POL-016397,0.0804086168515104
POL-016398,0.13088191106847527
POL-016399,0.1597699054020642
POL-016400,0.14900034781017749
POL-016401,0.06860901640826317
POL-016402,0.15989095180862628
POL-016403,0.11113740734872772
POL-016404,0.08896966556642529
POL-016405,0.16131007686162782
POL-016406,0.21202067793114493
POL-016407,0.12690586050762773
POL-016408,0.15831029215788778
POL-016409,0.2020876857347229
POL-016410,0.19820745696134467
POL-016411,0.06043423294838242
POL-016412,0.0607058052092469
POL-016413,0.18127302495294176
POL-016414,0.11169922407371025
POL-016415,0.07724049650793029
POL-016416,0.07624580864143271
POL-016417,0.17602836052092521
POL-016418,0.1100909865839971
POL-016419,0.09688987701730944
POL-016420,0.052436556768634304
POL-016421,0.10879038249684982
POL-016422,0.3072192965395769
POL-016423,0.09522037466356055
POL-016424,0.19105260890249026
POL-016425,0.18046379301890086
POL-016426,0.13287747122555882
POL-016427,0.3309899783998987
POL-016428,0.42338681891235314
POL-016429,0.16246650462974757
POL-016430,0.04981134580111305
POL-016431,0.08852902419796223
POL-016432,0.15190495177611593
POL-016433,0.25605294113913574
POL-016434,0.08249531832966364
POL-016435,0.21998040573312794
POL-016436,0.07529886281224754
POL-016437,0.11498062205002504
POL-016438,0.21877406401816368
POL-016439,0.11728151335361395
POL-016440,0.16224480935744232
POL-016441,0.18773674734531012
POL-016442,0.09486617112687028
POL-016443,0.19316946996355316
POL-016444,0.08507489039985143
POL-016445,0.18740470119784308
POL-016446,0.2084430730247437
POL-016447,0.11334866391977204
POL-016448,0.19818413775228352
POL-016449,0.23782972920108908
POL-016450,0.4360276591395959
POL-016451,0.18449852237445802
POL-016452,0.13511166417233128
POL-016453,0.13493509607551066
POL-016454,0.19627697224663984
POL-016455,0.137358545196429
POL-016456,0.08060542656844513
POL-016457,0.20196063341228243
POL-016458,0.2606811973397356
POL-016459,0.1452934422867681
POL-016460,0.23904945228717073
POL-016461,0.11570008875253474
POL-016462,0.19783389109305904
POL-016463,0.09080059969465688
POL-016464,0.06279182688984017
POL-016465,0.1345483628110189
POL-016466,0.07284768309993986
POL-016467,0.31212529931493355
POL-016468,0.09073157925696797
POL-016469,0.235985671947651
POL-016470,0.1114120652912536
POL-016471,0.07518745801611856
POL-016472,0.07546756463099735
POL-016473,0.13268554389808593
POL-016474,0.1694641198115087
POL-016475,0.13550890352932826
POL-016476,0.09828401737085177
POL-016477,0.1824863675728328
POL-016478,0.2194475385519024
POL-016479,0.07533911538640087
POL-016480,0.26070910523061086
POL-016481,0.06877865302299717
POL-016482,0.19775462855618514
POL-016483,0.08178658737412213
POL-016484,0.2782016683694899
POL-016485,0.09254050869382248
POL-016486,0.1203321722963977
POL-016487,0.20352004258524478
POL-016488,0.1737344802471244
POL-016489,0.09855114568020251
POL-016490,0.08719738114791023
POL-016491,0.10297116388081286
POL-016492,0.19939095387873937
POL-016493,0.21754653709815694
POL-016494,0.09815557581731799
POL-016495,0.10933475431253313
POL-016496,0.18825888642379954
POL-016497,0.23087767056870914
POL-016498,0.22529631874170897
POL-016499,0.21938437362697763
POL-016500,0.09751901772958646
POL-016501,0.1563153614033316
POL-016502,0.07001799846992822
POL-016503,0.17686184839221356
POL-016504,0.11751286079459818
POL-016505,0.08337209347901657
POL-016506,0.06159855089008518
POL-016507,0.05528045397023442
POL-016508,0.09552798194246694
POL-016509,0.1525057721882209
POL-016510,0.060969179590031085
POL-016511,0.06255547416831815
POL-016512,0.04685704143921832
POL-016513,0.06288804358539303
POL-016514,0.05443190397327248
POL-016515,0.07916280631250634
POL-016516,0.14148309466399497
POL-016517,0.0701750360796957
POL-016518,0.04249948676378325
POL-016519,0.0774428741078102
POL-016520,0.07123331195390459
POL-016521,0.038884636576657944
POL-016522,0.04547938341690888
POL-016523,0.03557153724682982
POL-016524,0.04949863369335035
POL-016525,0.053155010644895924
POL-016526,0.08243043442362087
POL-016527,0.12843202507852844
POL-016528,0.13232423199361296
POL-016529,0.04669554805640278
POL-016530,0.09237455237247345
POL-016531,0.08286722030239146
POL-016532,0.06981807816786706
POL-016533,0.02553394076519871
POL-016534,0.09676311842091166
POL-016535,0.04263818340290014
POL-016536,0.060847087891434504
POL-016537,0.08097274704542011
POL-016538,0.160362243327416
POL-016539,0.14766858976233396
POL-016540,0.08392678654399933
POL-016541,0.047370240934488765
POL-016542,0.1301434492966763
POL-016543,0.14190787171701966
POL-016544,0.11807353898401057
POL-016545,0.1720633981619424
POL-016546,0.10073334427275035
POL-016547,0.08326175446366486
POL-016548,0.07125621008230473
POL-016549,0.06329906104449512
POL-016550,0.1295460235492602
POL-016551,0.16529857127315153
POL-016552,0.23498071200287335
POL-016553,0.20475093661882524
POL-016554,0.0969954399825838
POL-016555,0.12977965371780925
POL-016556,0.08135736970376571
POL-016557,0.1982597100789416
POL-016558,0.14145399269169617
POL-016559,0.0679238310364715
POL-016560,0.07490302480995953
POL-016561,0.12249062940955555
POL-016562,0.09729148660650448
POL-016563,0.14488192030667932
POL-016564,0.19782807444314837
POL-016565,0.28022695169268547
POL-016566,0.101678849943753
POL-016567,0.21323757944194796
POL-016568,0.04140588530401204
POL-016569,0.059928703328533055
POL-016570,0.1161001200530641
POL-016571,0.06606201759936627
POL-016572,0.24824558570555721
POL-016573,0.0651382636269688
POL-016574,0.08959560918628207
POL-016575,0.08967177535512412
POL-016576,0.12389904430678401
POL-016577,0.046310394062235825
POL-016578,0.027554989689945485
POL-016579,0.03595521486159063
POL-016580,0.14031019280229295
POL-016581,0.042932026540130425
POL-016582,0.07677061260013049
POL-016583,0.05353082343483416
POL-016584,0.1486936968250525
POL-016585,0.0961823066437237
POL-016586,0.2145966871378036
POL-016587,0.09249333507763911
POL-016588,0.13936463380434239
POL-016589,0.09845508356566102
POL-016590,0.144414854374684
POL-016591,0.058277218139719256
POL-016592,0.053519834474008404
POL-016593,0.11039396656724307
POL-016594,0.08287290221261577
POL-016595,0.08901061533512516
POL-016596,0.13953727310080677
POL-016597,0.06079137873327351
POL-016598,0.14001698068581306
POL-016599,0.07571019139697423
POL-016600,0.1322888441958983
POL-016601,0.04783004669445116
POL-016602,0.1788321617323572
POL-016603,0.13467792375982587
POL-016604,0.06625610415545503
POL-016605,0.11746921282317528
POL-016606,0.04059109071196163
POL-016607,0.0466150104348319
POL-016608,0.10060105821155177
POL-016609,0.06230178281084613
POL-016610,0.11054224725075533
POL-016611,0.10863894299630857
POL-016612,0.09131787905395067
POL-016613,0.06795106755593733
POL-016614,0.12449335739943498
POL-016615,0.04376105636694377
POL-016616,0.08975717376337372
POL-016617,0.14622475497662923
POL-016618,0.06663466920354018
POL-016619,0.04709598086911858
POL-016620,0.13069797431478952
POL-016621,0.10861850258094266
POL-016622,0.1401927604890258
POL-016623,0.11239136607807977
POL-016624,0.12403465306494006
POL-016625,0.08887526658704052
POL-016626,0.1289250043628568
POL-016627,0.06261461312191074
POL-016628,0.13813980589009497
POL-016629,0.1467431581808385
POL-016630,0.050673041394662714
POL-016631,0.11282055030245174
POL-016632,0.08830923760904165
POL-016633,0.045743058198670715
POL-016634,0.13223711984615363
POL-016635,0.06282047947521693
POL-016636,0.04339974219075783
POL-016637,0.0713745250662113
POL-016638,0.06805362623766417
POL-016639,0.07502907367626545
POL-016640,0.13985100103692596
POL-016641,0.06920053151292922
POL-016642,0.0916089819586635
POL-016643,0.12532185285858244
POL-016644,0.04540173520594978
POL-016645,0.11636566118957667
POL-016646,0.08928461710476726
POL-016647,0.27278748246309426
POL-016648,0.14400214174393608
POL-016649,0.05368854715858477
POL-016650,0.16203857234775104
POL-016651,0.04004999554961011
POL-016652,0.15594503927489126
POL-016653,0.11481132028594272
POL-016654,0.16485876153911788
POL-016655,0.1253166646295772
POL-016656,0.047940116960759734
POL-016657,0.10544051950446574
POL-016658,0.09134201017037134
POL-016659,0.09042602493312193
POL-016660,0.06686776528151132
POL-016661,0.04981944467161231
POL-016662,0.0331016796558151
POL-016663,0.1711982391396833
POL-016664,0.0913163206254484
POL-016665,0.050128287400561376
POL-016666,0.06406270627592435
POL-016667,0.18410240590797997
POL-016668,0.053249827120218
POL-016669,0.09021370504441711
POL-016670,0.051915277204647885
POL-016671,0.13855748356217296
POL-016672,0.0929720092281634
POL-016673,0.05974919892856533
POL-016674,0.049305732191336
POL-016675,0.20907424902670213
POL-016676,0.11787494872166535
POL-016677,0.05785812590336906
POL-016678,0.15050244063819124
POL-016679,0.07591575401279796
POL-016680,0.10568178268607842
POL-016681,0.04856982250100396
POL-016682,0.11930296299527961
POL-016683,0.05831234404710422
POL-016684,0.12630802315333367
POL-016685,0.10418611036230414
POL-016686,0.04036981253651317
POL-016687,0.04095591091154172
POL-016688,0.09812184507163475
POL-016689,0.07608964615929631
POL-016690,0.03499824070182038
POL-016691,0.0642069541536463
POL-016692,0.16657937038683776
POL-016693,0.20860630029071456
POL-016694,0.11114522690973239
POL-016695,0.08896316254071276
POL-016696,0.07068615556634204
POL-016697,0.05649855517200911
POL-016698,0.05850431204273899
POL-016699,0.09322512583403089
POL-016700,0.03630670475777207
POL-016701,0.11029883516838275
POL-016702,0.0991698507503068
POL-016703,0.19170747273993596
POL-016704,0.11137917273248225
POL-016705,0.06908474450520219
POL-016706,0.16422486047611132
POL-016707,0.046607972247872144
POL-016708,0.16120217357093894
POL-016709,0.044767882799868736
POL-016710,0.11110523394929538
POL-016711,0.0656423704370935
POL-016712,0.04657443211766496
POL-016713,0.07555860049489439
POL-016714,0.08847754361390173
POL-016715,0.06375597185468332
POL-016716,0.12037157743092164
POL-016717,0.08521116025640701
POL-016718,0.16130683121314682
POL-016719,0.05320061799218094
POL-016720,0.08799457074528888
POL-016721,0.16171810096688696
POL-016722,0.07689400499111324
POL-016723,0.072332259939901
POL-016724,0.06446197680725407
POL-016725,0.10487245090940542
POL-016726,0.09625976489145138
POL-016727,0.09452811393588696
POL-016728,0.07290486968002582
POL-016729,0.11031711786036934
POL-016730,0.07391161304190673
POL-016731,0.06013876498510873
POL-016732,0.12076035204728737
POL-016733,0.09560829290991303
POL-016734,0.03913556372371995
POL-016735,0.044053318422089954
POL-016736,0.13483081449295342
POL-016737,0.13614137293879575
POL-016738,0.08694210867043299
POL-016739,0.06254711431351233
POL-016740,0.08823373824583805
POL-016741,0.1406055649652191
POL-016742,0.08813070473240815
POL-016743,0.10499228634702935
POL-016744,0.0894845131469
POL-016745,0.04842807779765068
POL-016746,0.33697943243429884
POL-016747,0.06726525493200072
POL-016748,0.06016311716928845
POL-016749,0.0821693539193795
POL-016750,0.07916268931551929
POL-016751,0.03587867719940808
POL-016752,0.11347940536412239
POL-016753,0.0340252658386217
POL-016754,0.1353598327464217
POL-016755,0.0549856893419903
POL-016756,0.06209824251996518
POL-016757,0.10120625242693557
POL-016758,0.1386928633417186
POL-016759,0.1892543550865997
POL-016760,0.26834230883203286
POL-016761,0.20584961993386705
POL-016762,0.03806466067295191
POL-016763,0.09895888297456298
POL-016764,0.0766710233017029
POL-016765,0.06131688477014697
POL-016766,0.1492128189096032
POL-016767,0.06931624875616846
POL-016768,0.13111335499261315
POL-016769,0.06406367787634483
POL-016770,0.07265671536680526
POL-016771,0.13471081734080784
POL-016772,0.11833506664506542
POL-016773,0.06825229720123883
POL-016774,0.06054821800655206
POL-016775,0.1085881547105238
POL-016776,0.046884594649358485
POL-016777,0.35299752892082253
POL-016778,0.10824602978337251
POL-016779,0.08981783591095037
POL-016780,0.09164792501201652
POL-016781,0.08217909256711836
POL-016782,0.12140146078049727
POL-016783,0.11125001197136634
POL-016784,0.03997407350269551
POL-016785,0.06209103673352398
POL-016786,0.07194301257944112
POL-016787,0.08816966422235911
POL-016788,0.05297662289771436
POL-016789,0.3443620859631439
POL-016790,0.0798413253047418
POL-016791,0.06363344744530233
POL-016792,0.0394762941829174
POL-016793,0.05493969417456199
POL-016794,0.05699060781443628
POL-016795,0.08477565647155369
POL-016796,0.1013086069841395
POL-016797,0.07261077250599694
POL-016798,0.06340387438808853
POL-016799,0.13726559568610752
POL-016800,0.03747576076670551
POL-016801,0.05569026482888294
POL-016802,0.09373128632913287
POL-016803,0.07482320198240017
POL-016804,0.0849416261462503
POL-016805,0.10546753830073873
POL-016806,0.06254775602721988
POL-016807,0.07774669237982756
POL-016808,0.0917626426709535
POL-016809,0.10837219005187534
POL-016810,0.05132063832168981
POL-016811,0.04455597619052828
POL-016812,0.03892113734825328
POL-016813,0.042990461721142126
POL-016814,0.08592423143986247
POL-016815,0.12057998495445654
POL-016816,0.22385058620948675
POL-016817,0.04145400790047568
POL-016818,0.04750708099173127
POL-016819,0.07073205774036857
POL-016820,0.056588528010461624
POL-016821,0.127808218548934
POL-016822,0.03573956923805276
POL-016823,0.054197309612146
POL-016824,0.05470005117177854
POL-016825,0.06081902714599758
POL-016826,0.06866611840371842
POL-016827,0.12245548789967318
POL-016828,0.08827412819254518
POL-016829,0.07879126675649387
POL-016830,0.058501384973435905
POL-016831,0.09286693649513625
POL-016832,0.09874615496905659
POL-016833,0.15262792921445922
POL-016834,0.05649329162577104
POL-016835,0.08257866611610595
POL-016836,0.04885440102274923
POL-016837,0.10631110375021195
POL-016838,0.06421568201140784
POL-016839,0.045866610359270636
POL-016840,0.0747248939010449
POL-016841,0.13530842035325577
POL-016842,0.04854368265307107
POL-016843,0.07075178906839065
POL-016844,0.09682445055943137
POL-016845,0.08019568711227379
POL-016846,0.13183654921996624
POL-016847,0.10535714054616542
POL-016848,0.08203315423417723
POL-016849,0.10817977945604385
POL-016850,0.07440470871827545
POL-016851,0.09150420678073405
POL-016852,0.09104498306616168
POL-016853,0.07880649336834614
POL-016854,0.055581222897229624
POL-016855,0.1605900808203645
POL-016856,0.10024426026385844
POL-016857,0.11913848942225995
POL-016858,0.06308524530186657
POL-016859,0.095104917246309
POL-016860,0.06711859543035874
POL-016861,0.0991102735881546
POL-016862,0.04680428522995214
POL-016863,0.06781722393289401
POL-016864,0.03279032643341985
POL-016865,0.12925658779711724
POL-016866,0.2688646292144477
POL-016867,0.14779286817890935
POL-016868,0.1425151708392245
POL-016869,0.11345709970324377
POL-016870,0.10771188745302489
POL-016871,0.07715404241086689
POL-016872,0.12064043001415725
POL-016873,0.13846286994743565
POL-016874,0.06527085740612883
POL-016875,0.0808844878296854
POL-016876,0.08243002067220719
POL-016877,0.04730148770782379
POL-016878,0.07558052452083301
POL-016879,0.04383672445210136
POL-016880,0.09004968717242888
POL-016881,0.05351116258634649
POL-016882,0.052314680097859945
POL-016883,0.10013473441628365
POL-016884,0.044796799747795324
POL-016885,0.09617101440354714
POL-016886,0.06194934147180864
POL-016887,0.08123121103658999
POL-016888,0.064993796831279
POL-016889,0.13021510868070335
POL-016890,0.08147398695837177
POL-016891,0.10493362631316067
POL-016892,0.1462463408121837
POL-016893,0.09134404135745944
POL-016894,0.24730617789871498
POL-016895,0.03473342066809083
POL-016896,0.059517251911198145
POL-016897,0.15127305557589824
POL-016898,0.14105442331779186
POL-016899,0.19836239325725052
POL-016900,0.08742201208346095
POL-016901,0.09096055958481938
POL-016902,0.07922703695299257
POL-016903,0.1779649164806558
POL-016904,0.1598006151758602
POL-016905,0.05499258649984223
POL-016906,0.0707653256407123
POL-016907,0.07223369230305511
POL-016908,0.08436976285375458
POL-016909,0.08680551980151265
POL-016910,0.13563384429170153
POL-016911,0.10620717973465181
POL-016912,0.10796878122673641
POL-016913,0.03520013540278139
POL-016914,0.06109785939633493
POL-016915,0.3191601789020242
POL-016916,0.1715048929023127
POL-016917,0.06660265315011808
POL-016918,0.035359509149156663
POL-016919,0.04681494768932477
POL-016920,0.10203169532416106
POL-016921,0.12762341030130656
POL-016922,0.03232723079337049
POL-016923,0.08897590611949949
POL-016924,0.13537164219777748
POL-016925,0.14695428950232065
POL-016926,0.043977595252109696
POL-016927,0.052409862545195286
POL-016928,0.11357576763154228
POL-016929,0.05725442235258439
POL-016930,0.12213906015740912
POL-016931,0.06502725876329712
POL-016932,0.03316588976897204
POL-016933,0.09293061974021373
POL-016934,0.07166564162983095
POL-016935,0.039509858142724466
POL-016936,0.03727160144011672
POL-016937,0.08255354412925764
POL-016938,0.08959832190554938
POL-016939,0.1949968929543164
POL-016940,0.07925150769103487
POL-016941,0.05630747118595274
POL-016942,0.055077386810118936
POL-016943,0.05605343444449749
POL-016944,0.05450122779468564
POL-016945,0.06327173666311765
POL-016946,0.09133533872789847
POL-016947,0.033039194771670916
POL-016948,0.1560751013200057
POL-016949,0.10018038981975178
POL-016950,0.08175491995944822
POL-016951,0.0719944977528035
POL-016952,0.0744418167643087
POL-016953,0.09198702440533915
POL-016954,0.06167347929119083
POL-016955,0.10720660013953391
POL-016956,0.12630177543958782
POL-016957,0.08542624451130175
POL-016958,0.0385543535251838
POL-016959,0.14052941006416017
POL-016960,0.0969930504614287
POL-016961,0.08449720283023382
POL-016962,0.12673595864506512
POL-016963,0.09898182636927447
POL-016964,0.06529121323396009
POL-016965,0.060566155979546496
POL-016966,0.07864927399935319
POL-016967,0.05128586264557684
POL-016968,0.07731367342346937
POL-016969,0.11931340340343197
POL-016970,0.07272950394541922
POL-016971,0.0845291517081671
POL-016972,0.1564562080893596
POL-016973,0.1723420552434845
POL-016974,0.10362651076250563
POL-016975,0.04312829146758644
POL-016976,0.06414564624255921
POL-016977,0.2036021001221405
POL-016978,0.045895025965549834
POL-016979,0.050571431868122546
POL-016980,0.17148258614531572
POL-016981,0.08621559987298781
POL-016982,0.13314350940544584
POL-016983,0.04549113234910119
POL-016984,0.11991779522064394
POL-016985,0.06369348427180434
POL-016986,0.1355510769095226
POL-016987,0.07395858535656238
POL-016988,0.1049067841382291
POL-016989,0.040576074484479856
POL-016990,0.07840941595637162
POL-016991,0.036310658930264764
POL-016992,0.14360708445760942
POL-016993,0.17763541240134784
POL-016994,0.15669241947294218
POL-016995,0.038563784629379406
POL-016996,0.07042059759720021
POL-016997,0.07137542178943913
POL-016998,0.04206013413110295
POL-016999,0.0981379940647729
POL-017000,0.07292901076725399
POL-017001,0.06285050541561611
POL-017002,0.062759699472261
POL-017003,0.2089000348942844
POL-017004,0.03938630056486123
POL-017005,0.05316173436216343
POL-017006,0.10044006931045314
POL-017007,0.11045877319773202
POL-017008,0.041726439634468905
POL-017009,0.08770173330114392
POL-017010,0.04189164560652917
POL-017011,0.11546649616741687
POL-017012,0.03180657746623704
POL-017013,0.04822176624387319
POL-017014,0.09501216692266727
POL-017015,0.0933440226641761
POL-017016,0.2504761177926526
POL-017017,0.05740314933434177
POL-017018,0.18018642896710027
POL-017019,0.06488352089797975
POL-017020,0.3400827166765831
POL-017021,0.08215770554487588
POL-017022,0.08014483599889431
POL-017023,0.05855005788461147
POL-017024,0.1113843403375566
POL-017025,0.09164611464562468
POL-017026,0.02391640364406104
POL-017027,0.07598692895697237
POL-017028,0.14364691863634738
POL-017029,0.13635662260949366
POL-017030,0.10995846046946724
POL-017031,0.12190894834641733
POL-017032,0.0907496151910502
POL-017033,0.11520681744906516
POL-017034,0.09403230423160713
POL-017035,0.048251330911169274
POL-017036,0.08421194776846312
POL-017037,0.07126822501033724
POL-017038,0.09653948415052922
POL-017039,0.08774570497650941
POL-017040,0.12147119427661944
POL-017041,0.06802599240494533
POL-017042,0.21388139573444415
POL-017043,0.0468548405871586
POL-017044,0.08354598348714226
POL-017045,0.08085412787275782
POL-017046,0.061114086619910316
POL-017047,0.24761324553040057
POL-017048,0.14059390805030894
POL-017049,0.08087626529921181
POL-017050,0.06483110230283215
POL-017051,0.06553090538987948
POL-017052,0.06086551195697116
POL-017053,0.17120030480526122
POL-017054,0.12051150631683911
POL-017055,0.08031305937246269
POL-017056,0.04883999723292064
POL-017057,0.05317281523910088
POL-017058,0.025026309699833063
POL-017059,0.07485148982619923
POL-017060,0.05422506790002233
POL-017061,0.08460001299380537
POL-017062,0.0455588385432147
POL-017063,0.32654927382890275
POL-017064,0.16382590544124626
POL-017065,0.2288098788995213
POL-017066,0.034120746653667426
POL-017067,0.13626053284949155
POL-017068,0.18175271467161125
POL-017069,0.10094158218256079
POL-017070,0.1016961291682297
POL-017071,0.08703921192557829
POL-017072,0.0874076257554035
POL-017073,0.0892396679993893
POL-017074,0.1532101324180797
POL-017075,0.07131068591542006
POL-017076,0.06284676115546989
POL-017077,0.11632051072326874
POL-017078,0.06647056008710812
POL-017079,0.1525785651025557
POL-017080,0.14761732467205402
POL-017081,0.051432180195143756
POL-017082,0.07814407880353298
POL-017083,0.04723072502042328
POL-017084,0.06477490093738894
POL-017085,0.10175192254904085
POL-017086,0.07130803225721101
POL-017087,0.19378907646196925
POL-017088,0.10967071470004676
POL-017089,0.10011558893125774
POL-017090,0.09599474860656103
POL-017091,0.06223731100799254
POL-017092,0.05954212600029924
POL-017093,0.08905475184163743
POL-017094,0.0678204758906062
POL-017095,0.11105681684435545
POL-017096,0.09676307516011375
POL-017097,0.04872761334771272
POL-017098,0.06156968254223922
POL-017099,0.12188542510962799
POL-017100,0.07911856275864441
POL-017101,0.15235781290905412
POL-017102,0.0986543502118088
POL-017103,0.18899383828287736
POL-017104,0.08446295090076648
POL-017105,0.044852740363161385
POL-017106,0.11268109301059585
POL-017107,0.07463179847219181
POL-017108,0.15878284806059412
POL-017109,0.07914787811307923
POL-017110,0.09118509899059679
POL-017111,0.05876378690740954
POL-017112,0.08849687976392033
POL-017113,0.051847363183708466
POL-017114,0.10586383272915549
POL-017115,0.042276070319505275
POL-017116,0.1389672069784517
POL-017117,0.04702571445222802
POL-017118,0.07005183458592855
POL-017119,0.06015085980900886
POL-017120,0.061242215523621274
POL-017121,0.12117755993187111
POL-017122,0.038267007857362596
POL-017123,0.14489007432940107
POL-017124,0.07790821135526278
POL-017125,0.06369225677081986
POL-017126,0.029129189146587582
POL-017127,0.15955326261274577
POL-017128,0.06619078965891635
POL-017129,0.07005297787788059
POL-017130,0.13525218735522784
POL-017131,0.09854495718387815
POL-017132,0.10261487792648412
POL-017133,0.07328096326633969
POL-017134,0.12196149894506418
POL-017135,0.20868817273352214
POL-017136,0.15731388820695066
POL-017137,0.0745283674682971
POL-017138,0.07407919992453234
POL-017139,0.047945424889617776
POL-017140,0.12262608874322442
POL-017141,0.07765444034927227
POL-017142,0.15130714395961076
POL-017143,0.06730933385821843
POL-017144,0.045113594683950195
POL-017145,0.14258918919664562
POL-017146,0.04398674626839222
POL-017147,0.1387810636137095
POL-017148,0.098531917429106
POL-017149,0.04216176530464523
POL-017150,0.09026832327869286
POL-017151,0.07845221957010563
POL-017152,0.1817245489529861
POL-017153,0.04962618853865026
POL-017154,0.0444309629569828
POL-017155,0.06300545217437213
POL-017156,0.038271821228334196
POL-017157,0.0746544886688045
POL-017158,0.22088961279089495
POL-017159,0.054139467978900326
POL-017160,0.05421329719702742
POL-017161,0.16410711897400584
POL-017162,0.13491762442913602
POL-017163,0.10730134529377039
POL-017164,0.03726282053375068
POL-017165,0.07038993248741696
POL-017166,0.034641100624210205
POL-017167,0.05689108509432615
POL-017168,0.06819868897927052
POL-017169,0.1488785616023863
POL-017170,0.09523368813874597
POL-017171,0.0728096268098388
POL-017172,0.0893610347918368
POL-017173,0.049065396948774063
POL-017174,0.09151036665289206
POL-017175,0.03683054770757938
POL-017176,0.06294859345028189
POL-017177,0.056884211657639044
POL-017178,0.1079581203762086
POL-017179,0.05136736157493392
POL-017180,0.06793436695425355
POL-017181,0.0793166551855406
POL-017182,0.03444272694058563
POL-017183,0.20114487706667275
POL-017184,0.08634636674853509
POL-017185,0.1265430986910087
POL-017186,0.11678510358162231
POL-017187,0.1286030203048226
POL-017188,0.09809657296119094
POL-017189,0.04894466732346988
POL-017190,0.13060737124141658
POL-017191,0.05115475554513202
POL-017192,0.16458976247106674
POL-017193,0.15812860887887611
POL-017194,0.08477820478933766
POL-017195,0.10102912298912467
POL-017196,0.09090476042983259
POL-017197,0.13716812151453583
POL-017198,0.11578452441838814
POL-017199,0.1145942914301552
POL-017200,0.14923444900034077
POL-017201,0.08282511863373108
POL-017202,0.14320852678892593
POL-017203,0.0696412238412777
POL-017204,0.2415328578032933
POL-017205,0.051509634823123394
POL-017206,0.16316196796762514
POL-017207,0.0636488658074329
POL-017208,0.0508353054870967
POL-017209,0.03520018589773645
POL-017210,0.10606634051220269
POL-017211,0.06658403783443995
POL-017212,0.08166657038898853
POL-017213,0.16008620028085727
POL-017214,0.05757991029528117
POL-017215,0.0551524299559085
POL-017216,0.09914220834487086
POL-017217,0.13884723253498615
POL-017218,0.1256171519888788
POL-017219,0.0748714923192175
POL-017220,0.0459165965440489
POL-017221,0.08526695200897193
POL-017222,0.07010741712490844
POL-017223,0.06038174311846963
POL-017224,0.037998300523511185
POL-017225,0.10609406798475039
POL-017226,0.1474230296651177
POL-017227,0.05978099608602976
POL-017228,0.12699526744719122
POL-017229,0.16839469790670178
POL-017230,0.09394995623648969
POL-017231,0.18113050823265578
POL-017232,0.13394070975178649
POL-017233,0.05286965948121615
POL-017234,0.08211598686249441
POL-017235,0.058358953495414645
POL-017236,0.06949654887595269
POL-017237,0.08142508374741267
POL-017238,0.16258100989954008
POL-017239,0.06839476249184849
POL-017240,0.06370166304522715
POL-017241,0.044633471904553246
POL-017242,0.11147318408311878
POL-017243,0.06367533537891897
POL-017244,0.172478260559987
POL-017245,0.07996691158000307
POL-017246,0.038093018104636646
POL-017247,0.05367437890184596
POL-017248,0.06782764884208206
POL-017249,0.11487939274520073
POL-017250,0.04401084116474898
POL-017251,0.07323796833733864
POL-017252,0.04054604665941018
POL-017253,0.07590952477918039
POL-017254,0.11167146205822587
POL-017255,0.16369436500930307
POL-017256,0.06310089439559811
POL-017257,0.07971267727531185
POL-017258,0.037609105528469924
POL-017259,0.09124801117440992
POL-017260,0.029290497184810287
POL-017261,0.06767455615126766
POL-017262,0.048116331434739625
POL-017263,0.10935021793359583
POL-017264,0.04347902351270584
POL-017265,0.06433545539018581
POL-017266,0.06374446123700814
POL-017267,0.05484497442868526
POL-017268,0.07013400229955122
POL-017269,0.08531774297190166
POL-017270,0.09050029875924635
POL-017271,0.11690920360342016
POL-017272,0.08124773050700383
POL-017273,0.046419389156006664
POL-017274,0.05433591704966159
POL-017275,0.047912824291351346
POL-017276,0.04288254376727139
POL-017277,0.16108674570461054
POL-017278,0.07091758358568274
POL-017279,0.19251596234729135
POL-017280,0.1467293091052614
POL-017281,0.0970488418381723
POL-017282,0.12809600407809718
POL-017283,0.14655823600474716
POL-017284,0.044257646855588924
POL-017285,0.06510564458258085
POL-017286,0.07718982137505365
POL-017287,0.10850307871847824
POL-017288,0.06030673465109789
POL-017289,0.07217423010683002
POL-017290,0.027127700171081234
POL-017291,0.1674605088114052
POL-017292,0.061160258964082795
POL-017293,0.027726635209274278
POL-017294,0.1201929744702933
POL-017295,0.06526405476386034
POL-017296,0.086107093999253
POL-017297,0.08941313391901932
POL-017298,0.11453989316882697
POL-017299,0.0913819718241166
POL-017300,0.06610550288926599
POL-017301,0.16185254604448937
POL-017302,0.05302373920945838
POL-017303,0.1072090819358493
POL-017304,0.08826411648057611
POL-017305,0.17585366725293347
POL-017306,0.11774552036308611
POL-017307,0.31158377894218064
POL-017308,0.04126975341316733
POL-017309,0.1428118888619478
POL-017310,0.03646090631158559
POL-017311,0.16002506468890412
POL-017312,0.0977479200672989
POL-017313,0.07963742321323887
POL-017314,0.07252525449873863
POL-017315,0.061529355594267456
POL-017316,0.03570980905782661
POL-017317,0.03770206657904529
POL-017318,0.09483930816926957
POL-017319,0.06686961781781904
POL-017320,0.08085366336031637
POL-017321,0.15434096595510652
POL-017322,0.14485766818526555
POL-017323,0.10460962287142597
POL-017324,0.06081058179115763
POL-017325,0.1063615459824003
POL-017326,0.04611120530686375
POL-017327,0.09171807533995253
POL-017328,0.03580585840183391
POL-017329,0.08645871749589588
POL-017330,0.06938973949191174
POL-017331,0.05809598558011629
POL-017332,0.12806287296008537
POL-017333,0.10631505131472677
POL-017334,0.042840036064264966
POL-017335,0.04174272007004463
POL-017336,0.06814052543443734
POL-017337,0.1367739443562152
POL-017338,0.052493864292128836
POL-017339,0.029630154972715234
POL-017340,0.08311742408405967
POL-017341,0.14243378125070252
POL-017342,0.1673373263488803
POL-017343,0.06160032217529043
POL-017344,0.0506497399566583
POL-017345,0.050558856285038895
POL-017346,0.050320944908282275
POL-017347,0.057053725737742256
POL-017348,0.07255578503972492
POL-017349,0.06190201211223341
POL-017350,0.035998759034239186
POL-017351,0.13443377280138352
POL-017352,0.05048596584266715
POL-017353,0.11096960820616636
POL-017354,0.11632611081709096
POL-017355,0.0405318326576191
POL-017356,0.06929856286038986
POL-017357,0.10012275140407317
POL-017358,0.07832503240834135
POL-017359,0.07700527334233435
POL-017360,0.11655867796915718
POL-017361,0.06038054918703686
POL-017362,0.18663929244594307
POL-017363,0.14238958364373297
POL-017364,0.04215363253330487
POL-017365,0.11858367098582823
POL-017366,0.0412473091351538
POL-017367,0.09469438676115156
POL-017368,0.16856751771121428
POL-017369,0.07361676127733713
POL-017370,0.04591607550668469
POL-017371,0.107955917406991
POL-017372,0.1332144253840066
POL-017373,0.08202722282922055
POL-017374,0.13965631237673506
POL-017375,0.08069729392674029
POL-017376,0.10948246885630401
POL-017377,0.17593729257839896
POL-017378,0.13334798659985886
POL-017379,0.15131268424160826
POL-017380,0.19859670535000282
POL-017381,0.07021875641359648
POL-017382,0.07111770469338277
POL-017383,0.06951752598848956
POL-017384,0.15248679087321687
POL-017385,0.10667752497580492
POL-017386,0.05453345669763017
POL-017387,0.1473518560019657
POL-017388,0.07110996989564489
POL-017389,0.2555493692131943
POL-017390,0.22073691116783398
POL-017391,0.07796723997057882
POL-017392,0.07647795184349569
POL-017393,0.16829931338798096
POL-017394,0.11652824954601153
POL-017395,0.09208454418715212
POL-017396,0.09293085520168852
POL-017397,0.043170526762804765
POL-017398,0.09786045051719162
POL-017399,0.05322332019054
POL-017400,0.058546014342804285
POL-017401,0.07721581814588914
POL-017402,0.09795689544668884
POL-017403,0.07229291190571752
POL-017404,0.08329857240553942
POL-017405,0.06014199145488162
POL-017406,0.09398414712755523
POL-017407,0.05159757843020167
POL-017408,0.1570181280181373
POL-017409,0.07885082945425727
POL-017410,0.35022258242952314
POL-017411,0.04026119316255704
POL-017412,0.06791849438126149
POL-017413,0.09678026328260039
POL-017414,0.1503965247350998
POL-017415,0.054557463206657254
POL-017416,0.04047859162988317
POL-017417,0.043338807598022965
POL-017418,0.042559997062830035
POL-017419,0.0529797189970035
POL-017420,0.12772555081111275
POL-017421,0.05490384947914122
POL-017422,0.1287847997835779
POL-017423,0.0958390011983247
POL-017424,0.0780227273329981
POL-017425,0.08991572276298472
POL-017426,0.09828680308872338
POL-017427,0.03592621400036732
POL-017428,0.0882149299097555
POL-017429,0.06735504305220297
POL-017430,0.05867476342951532
POL-017431,0.0652151407450258
POL-017432,0.19035646050782806
POL-017433,0.06252108749383883
POL-017434,0.10153633987110268
POL-017435,0.04797399072114778
POL-017436,0.13523287297428685
POL-017437,0.08703382270216756
POL-017438,0.1355067855630648
POL-017439,0.2379903717639753
POL-017440,0.06595293737786141
POL-017441,0.18622754337369696
POL-017442,0.10649857915282368
POL-017443,0.07007480529620695
POL-017444,0.1060493480469905
POL-017445,0.0912654594178862
POL-017446,0.042378871993635915
POL-017447,0.15868851084350857
POL-017448,0.03906979608523046
POL-017449,0.054550917201754354
POL-017450,0.13796048061171154
POL-017451,0.08553044481640139
POL-017452,0.07702131424373335
POL-017453,0.14606840455254536
POL-017454,0.05949021560903319
POL-017455,0.1385253200674419
POL-017456,0.025597751943341872
POL-017457,0.07120795353540722
POL-017458,0.08641344784898773
POL-017459,0.08367885565150686
POL-017460,0.0757919888831247
POL-017461,0.09413948996679881
POL-017462,0.15467462662448336
POL-017463,0.15449709930796837
POL-017464,0.09216593784611353
POL-017465,0.03871515426266493
POL-017466,0.04205613560169271
POL-017467,0.08530712496243611
POL-017468,0.11556529616177215
POL-017469,0.11035282465844541
POL-017470,0.10459558613628851
POL-017471,0.056238046073154316
POL-017472,0.06165465706515074
POL-017473,0.10173478974088221
POL-017474,0.10982258213593746
POL-017475,0.11629640551793079
POL-017476,0.1489230308635959
POL-017477,0.20635536058241769
POL-017478,0.021318052726642188
POL-017479,0.1293349353647407
POL-017480,0.08181492808811652
POL-017481,0.041031747729928694
POL-017482,0.06006440851174309
POL-017483,0.061462236842306874
POL-017484,0.06468847155088374
POL-017485,0.0874200791072629
POL-017486,0.103258924500431
POL-017487,0.17450306419811454
POL-017488,0.09500909642916186
POL-017489,0.06023295736217129
POL-017490,0.12484746622437827
POL-017491,0.054986339849931135
POL-017492,0.07504316797705647
POL-017493,0.07748448980184469
POL-017494,0.08601419177024097
POL-017495,0.09035037137569914
POL-017496,0.15961024183019668
POL-017497,0.0574066696098628
POL-017498,0.057647548690339945
POL-017499,0.08696711507805631
POL-017500,0.12298694284117881
POL-017501,0.18225234273134736
POL-017502,0.08897378349444111
POL-017503,0.047526657447622
POL-017504,0.036492923719857746
POL-017505,0.055024668195181536
POL-017506,0.07992415809713131
POL-017507,0.0501061399029437
POL-017508,0.1251364718308894
POL-017509,0.05708824378088887
POL-017510,0.14501017970508634
POL-017511,0.08943693702605113
POL-017512,0.1611348953213473
POL-017513,0.05160756206420162
POL-017514,0.04597991112716696
POL-017515,0.04549976518467537
POL-017516,0.057003092625843146
POL-017517,0.12302690452500425
POL-017518,0.06916619969345164
POL-017519,0.0878593700407632
POL-017520,0.03888115735757066
POL-017521,0.08684076784831646
POL-017522,0.09885897190666151
POL-017523,0.1319565028370605
POL-017524,0.055187405646359336
POL-017525,0.1268809006850068
POL-017526,0.10045476223022942
POL-017527,0.09784566897437628
POL-017528,0.04469428998261071
POL-017529,0.1417587471182463
POL-017530,0.06608801784753385
POL-017531,0.08465315362828774
POL-017532,0.1084048666468491
POL-017533,0.09539712303403634
POL-017534,0.20778518869810197
POL-017535,0.06500759356927366
POL-017536,0.05012278317522896
POL-017537,0.04784056085065875
POL-017538,0.10945533183954056
POL-017539,0.1674448688208195
POL-017540,0.08110959924930838
POL-017541,0.06648191500524739
POL-017542,0.05717577234726255
POL-017543,0.04987623768149695
POL-017544,0.04152890917140226
POL-017545,0.0380808828945157
POL-017546,0.06475236271587503
POL-017547,0.061278015291261846
POL-017548,0.13332382675212176
POL-017549,0.11049832081838379
POL-017550,0.12001663932731199
POL-017551,0.08012405586351955
POL-017552,0.04339899970860926
POL-017553,0.0677321212466767
POL-017554,0.05028070703857027
POL-017555,0.15652269026893204
POL-017556,0.07965773187807958
POL-017557,0.09678415708054842
POL-017558,0.05714087591670324
POL-017559,0.14629856252618953
POL-017560,0.07835557580073528
POL-017561,0.24377763325479498
POL-017562,0.0632838610987328
POL-017563,0.049816046316140464
POL-017564,0.09129103234027212
POL-017565,0.08221376410408492
POL-017566,0.06550716910611391
POL-017567,0.11843701444587165
POL-017568,0.10442882056067057
POL-017569,0.08713852415975684
POL-017570,0.088173048419074
POL-017571,0.09253466793631962
POL-017572,0.03822299259708802
POL-017573,0.04391281157188177
POL-017574,0.1041275947711929
POL-017575,0.06310083453566685
POL-017576,0.21687200367738474
POL-017577,0.05738154841287188
POL-017578,0.06710317684446158
POL-017579,0.10612176202579937
POL-017580,0.10497963669863661
POL-017581,0.09517833108513218
POL-017582,0.06116895838328863
POL-017583,0.08839544820324415
POL-017584,0.12777928803992325
POL-017585,0.04533350961238983
POL-017586,0.08610230483291689
POL-017587,0.15111055754580818
POL-017588,0.08439976293155062
POL-017589,0.10528500953719817
POL-017590,0.14926411369521694
POL-017591,0.07103742829859791
POL-017592,0.07847480483284833
POL-017593,0.06347445728633075
POL-017594,0.1404720239192541
POL-017595,0.09505292895310483
POL-017596,0.1163210215401711
POL-017597,0.07074503346799059
POL-017598,0.031317812856473747
POL-017599,0.08151535121494075
POL-017600,0.21782907837447388
POL-017601,0.08933199852291425
POL-017602,0.041332690506710824
POL-017603,0.04876027384897776
POL-017604,0.06057620010635254
POL-017605,0.0559389860910378
POL-017606,0.041775088641119035
POL-017607,0.029041838277272625
POL-017608,0.04198899335925172
POL-017609,0.07997215177746558
POL-017610,0.09303975779536701
POL-017611,0.07249450718114053
POL-017612,0.07760955382704443
POL-017613,0.14191443307760376
POL-017614,0.09080039849753363
POL-017615,0.1197569951422065
POL-017616,0.08969247035857508
POL-017617,0.055297151327815326
POL-017618,0.061040355322869715
POL-017619,0.19868576944357694
POL-017620,0.11253446828919353
POL-017621,0.09542093566502641
POL-017622,0.18184979186637912
POL-017623,0.17896273821900247
POL-017624,0.09827270059989489
POL-017625,0.03884291549773591
POL-017626,0.07957934071477199
POL-017627,0.11718263091026945
POL-017628,0.056287879041487174
POL-017629,0.173920440385997
POL-017630,0.09270706098797027
POL-017631,0.18648463007238372
POL-017632,0.06423335069954472
POL-017633,0.1183950885812043
POL-017634,0.05674241046582037
POL-017635,0.07133170343716866
POL-017636,0.12435599546255043
POL-017637,0.08545259143199563
POL-017638,0.1109471981182599
POL-017639,0.08431801572576508
POL-017640,0.036375428742690306
POL-017641,0.062154592404866316
POL-017642,0.05214832826242624
POL-017643,0.10869949416423075
POL-017644,0.11080913414556066
POL-017645,0.09167589275236332
POL-017646,0.045540958830390436
POL-017647,0.10874491726114077
POL-017648,0.08814247145956025
POL-017649,0.16261529134232217
POL-017650,0.1078008301088823
POL-017651,0.09325577834243887
POL-017652,0.09688111835395911
POL-017653,0.03949479394815187
POL-017654,0.06965179199803531
POL-017655,0.21051836034989652
POL-017656,0.11016022347940096
POL-017657,0.05525590092858014
POL-017658,0.1402697989498098
POL-017659,0.24235327947689342
POL-017660,0.09173803451392475
POL-017661,0.1355535094871255
POL-017662,0.06574688624088168
POL-017663,0.11306329176924608
POL-017664,0.0414709701017993
POL-017665,0.058303278416967724
POL-017666,0.12438610753007846
POL-017667,0.12322253950581587
POL-017668,0.11725104063227276
POL-017669,0.0739025593745147
POL-017670,0.2932789432772995
POL-017671,0.10392835616783132
POL-017672,0.08310497228171017
POL-017673,0.09071352299525506
POL-017674,0.21483771776959318
POL-017675,0.05997660294028538
POL-017676,0.12132216929201284
POL-017677,0.05845711551086801
POL-017678,0.08473283878674387
POL-017679,0.04787405853096188
POL-017680,0.04551094183164633
POL-017681,0.1361192006276839
POL-017682,0.05005083850176924
POL-017683,0.03895935959647217
POL-017684,0.06295081853325406
POL-017685,0.09255787421927657
POL-017686,0.07365687334916547
POL-017687,0.18980922589373395
POL-017688,0.18268347514095956
POL-017689,0.08049302719328176
POL-017690,0.03856126369531029
POL-017691,0.06643994746129729
POL-017692,0.10052058760040657
POL-017693,0.050024108606881064
POL-017694,0.2361453550116355
POL-017695,0.0626250994800418
POL-017696,0.11975367727942958
POL-017697,0.05389849364944701
POL-017698,0.09085783517199118
POL-017699,0.09777782262152561
POL-017700,0.0837164434490466
POL-017701,0.08367110152999353
POL-017702,0.07063731348847688
POL-017703,0.07289867008028975
POL-017704,0.09036311188717451
POL-017705,0.046937132424262486
POL-017706,0.12179984974452403
POL-017707,0.12328853772261067
POL-017708,0.09607879459426842
POL-017709,0.17437837258097516
POL-017710,0.18531648613738871
POL-017711,0.03377275622335009
POL-017712,0.1471690904341738
POL-017713,0.16503120085047196
POL-017714,0.1173282525242278
POL-017715,0.03900237351758888
POL-017716,0.041190897606777355
POL-017717,0.03272969348226508
POL-017718,0.04775424617952656
POL-017719,0.07674307695520013
POL-017720,0.28389636491507836
POL-017721,0.03655084561528869
POL-017722,0.0741686571716433
POL-017723,0.10220542472584564
POL-017724,0.07727265769936517
POL-017725,0.3037757413613055
POL-017726,0.10261480107441208
POL-017727,0.07742972021726076
POL-017728,0.09424865820260342
POL-017729,0.10545231516253649
POL-017730,0.07778681086965056
POL-017731,0.09740517683445908
POL-017732,0.10742268485387406
POL-017733,0.17718296318060092
POL-017734,0.1046362256370465
POL-017735,0.08966805725768894
POL-017736,0.028643024658473994
POL-017737,0.11432693134712806
POL-017738,0.05563866931225842
POL-017739,0.09033274702057452
POL-017740,0.053869893435323814
POL-017741,0.1397040623229711
POL-017742,0.12938420735166717
POL-017743,0.0631654580732113
POL-017744,0.07634341918979025
POL-017745,0.2529869198327038
POL-017746,0.09347431976618074
POL-017747,0.1960726096825961
POL-017748,0.20011544994109257
POL-017749,0.05286369429421757
POL-017750,0.027364598827585112
POL-017751,0.07998195391687563
POL-017752,0.15185300531416013
POL-017753,0.06024744801359297
POL-017754,0.04840226989988429
POL-017755,0.041852473731521594
POL-017756,0.042162335435562845
POL-017757,0.07492192359903059
POL-017758,0.05485023983500411
POL-017759,0.14368278171703502
POL-017760,0.15617418537929614
POL-017761,0.09376968854596865
POL-017762,0.09424418871825994
POL-017763,0.16605697365808172
POL-017764,0.09135392876405561
POL-017765,0.10422798370421038
POL-017766,0.09332937320928998
POL-017767,0.06293966283583091
POL-017768,0.0877203712593768
POL-017769,0.09837940800621754
POL-017770,0.04018747605171162
POL-017771,0.031002441396063743
POL-017772,0.0633994178383509
POL-017773,0.08021089373161322
POL-017774,0.05561906248633166
POL-017775,0.12903771246201787
POL-017776,0.0708026057584636
POL-017777,0.13280954963357
POL-017778,0.0800035390150856
POL-017779,0.04095607842555294
POL-017780,0.13839754022084147
POL-017781,0.05190081778511644
POL-017782,0.1544374418716134
POL-017783,0.1516373948707225
POL-017784,0.0545022697720565
POL-017785,0.05970707120842021
POL-017786,0.06633538259616986
POL-017787,0.18434127189011115
POL-017788,0.06551534433188984
POL-017789,0.03801361650800106
POL-017790,0.07337612392991295
POL-017791,0.0563132286799921
POL-017792,0.050012290236762784
POL-017793,0.08698024648214424
POL-017794,0.24996306917045263
POL-017795,0.04431872116997225
POL-017796,0.04249843523780909
POL-017797,0.06323270230558588
POL-017798,0.10731301000953475
POL-017799,0.06416726378579166
POL-017800,0.11164811687859262
POL-017801,0.11306558001215646
POL-017802,0.13569003949708386
POL-017803,0.06240449696394477
POL-017804,0.06079845429339954
POL-017805,0.10110248129710903
POL-017806,0.0718428752798736
POL-017807,0.03568656978928909
POL-017808,0.0918389036377307
POL-017809,0.127247228998257
POL-017810,0.3066299713727319
POL-017811,0.10701555095875502
POL-017812,0.13457651023706527
POL-017813,0.2433854188682276
POL-017814,0.09152881826905049
POL-017815,0.05344852164824161
POL-017816,0.06819623816743009
POL-017817,0.07635248521952229
POL-017818,0.10731603585106529
POL-017819,0.03984716067286037
POL-017820,0.11242056625760943
POL-017821,0.08092685371978235
POL-017822,0.04383411452193963
POL-017823,0.03567794989321219
POL-017824,0.05334775187306053
POL-017825,0.09417977869536147
POL-017826,0.09031081951771133
POL-017827,0.1119067674590632
POL-017828,0.04902113923872352
POL-017829,0.06615070481172358
POL-017830,0.0800196705906298
POL-017831,0.09992617650679514
POL-017832,0.09102236679524436
POL-017833,0.12696617495173768
POL-017834,0.1206765356828089
POL-017835,0.05753934774186488
POL-017836,0.06364978478832052
POL-017837,0.0916189887836753
POL-017838,0.12733871207773192
POL-017839,0.10844416772744041
POL-017840,0.11609093987936131
POL-017841,0.08534982176160177
POL-017842,0.04640790528440417
POL-017843,0.05114657487142136
POL-017844,0.054347584531771014
POL-017845,0.055286295486484754
POL-017846,0.3623532455003518
POL-017847,0.06201486947976854
POL-017848,0.06471409867776919
POL-017849,0.09958583526288235
POL-017850,0.052221463690315335
POL-017851,0.051337753609396984
POL-017852,0.25797251513811664
POL-017853,0.09995323631239802
POL-017854,0.04669438560969273
POL-017855,0.14123341896537306
POL-017856,0.0439764522623585
POL-017857,0.056296516158060535
POL-017858,0.12275036589286854
POL-017859,0.03491121132042018
POL-017860,0.09792634606761942
POL-017861,0.030173290878193267
POL-017862,0.08018313583328872
POL-017863,0.22301875229392834
POL-017864,0.07271615721349968
POL-017865,0.24311534833567267
POL-017866,0.10907424546111
POL-017867,0.07157612646561577
POL-017868,0.03996911066183551
POL-017869,0.13891670254971344
POL-017870,0.046957064779171276
POL-017871,0.11947515250439995
POL-017872,0.08454674755909668
POL-017873,0.03779330883802119
POL-017874,0.049309942559097195
POL-017875,0.07695546335622179
POL-017876,0.2025625419105809
POL-017877,0.025145976996933793
POL-017878,0.03380731022573303
POL-017879,0.1651699677031935
POL-017880,0.07185367390491111
POL-017881,0.08962908171596064
POL-017882,0.20062696790252638
POL-017883,0.050267299181976234
POL-017884,0.057259374223460176
POL-017885,0.03247891767542114
POL-017886,0.08489442376589086
POL-017887,0.061394878064715774
POL-017888,0.2324256736114072
POL-017889,0.18013044204724882
POL-017890,0.10884075207933877
POL-017891,0.13762422745498967
POL-017892,0.10664941655523083
POL-017893,0.0351287897058567
POL-017894,0.1169530070700064
POL-017895,0.16119779694398928
POL-017896,0.12220800346504163
POL-017897,0.0649530370757783
POL-017898,0.11339170064916376
POL-017899,0.028377249553528893
POL-017900,0.11820108388385162
POL-017901,0.09065861897768768
POL-017902,0.2911287085974622
POL-017903,0.12209323937062373
POL-017904,0.04819913805648587
POL-017905,0.05938263228847787
POL-017906,0.17521884823607234
POL-017907,0.04503314852694183
POL-017908,0.07897937124246798
POL-017909,0.11929701015319259
POL-017910,0.09833897388661726
POL-017911,0.09064207915164854
POL-017912,0.13387990535377586
POL-017913,0.12394842254125783
POL-017914,0.08612483373971426
POL-017915,0.07581137868685228
POL-017916,0.07338714740010568
POL-017917,0.15929742604213323
POL-017918,0.08741848137160466
POL-017919,0.10108244649115378
POL-017920,0.11391365669041952
POL-017921,0.23800769389019016
POL-017922,0.042626949664479524
POL-017923,0.1590346655141005
POL-017924,0.11032118010798903
POL-017925,0.062216601932428874
POL-017926,0.08359756242039243
POL-017927,0.2163606422314972
POL-017928,0.05416075909991479
POL-017929,0.05943290725798026
POL-017930,0.054451919220134044
POL-017931,0.08781646483260495
POL-017932,0.10268919032080277
POL-017933,0.1653801452529988
POL-017934,0.12039357178009016
POL-017935,0.08783423891955944
POL-017936,0.062174917032492644
POL-017937,0.315623950366302
POL-017938,0.1058284666774342
POL-017939,0.08748996365038385
POL-017940,0.09573142632717821
POL-017941,0.03183802182462939
POL-017942,0.1340875462543239
POL-017943,0.07502374202883698
POL-017944,0.08426931004427075
POL-017945,0.14255619402994799
POL-017946,0.08378719208518352
POL-017947,0.2219311419603893
POL-017948,0.050960633914504026
POL-017949,0.13254511345610978
POL-017950,0.05161296634938541
POL-017951,0.04945567809537069
POL-017952,0.09263390810976976
POL-017953,0.06152671222074042
POL-017954,0.07752529119057446
POL-017955,0.24661491652875758
POL-017956,0.07698925570707339
POL-017957,0.06579046472812983
POL-017958,0.0608329503488492
POL-017959,0.08235712011565335
POL-017960,0.14247281374394036
POL-017961,0.10958129170409872
POL-017962,0.04140975645275292
POL-017963,0.037920307469290065
POL-017964,0.08786716076351435
POL-017965,0.07566737809985333
POL-017966,0.04022977251064127
POL-017967,0.07653713656318985
POL-017968,0.18002638225799578
POL-017969,0.2322823819955323
POL-017970,0.12151495597309836
POL-017971,0.22117737088031253
POL-017972,0.10081646340431766
POL-017973,0.11262332171981056
POL-017974,0.09661625682080863
POL-017975,0.1846781861026255
POL-017976,0.059625010166776314
POL-017977,0.10630070492019832
POL-017978,0.10494397375081771
POL-017979,0.10230849299601721
POL-017980,0.05759430429164863
POL-017981,0.09173999839389879
POL-017982,0.07933886350947535
POL-017983,0.056767043618418486
POL-017984,0.08036211555233672
POL-017985,0.10354492037651099
POL-017986,0.04992950636234525
POL-017987,0.15886505877381515
POL-017988,0.07948782459766507
POL-017989,0.07267041932357964
POL-017990,0.02960067654958324
POL-017991,0.1137127793716018
POL-017992,0.07906399110296117
POL-017993,0.0343391822423984
POL-017994,0.07904158310803949
POL-017995,0.056956850851677024
POL-017996,0.09446317590586517
POL-017997,0.10543588302978388
POL-017998,0.056809786438858804
POL-017999,0.06456532393433588
POL-018000,0.10126729754628354
